<DATE>	<OPEN>	<HIGH>	<LOW>	<CLOSE>	<TICKVOL>	<VOL>	<SPREAD>
2015.01.02	14.95	15.25	14.66	15.04	3096	831448	1
2015.01.05	14.95	15.06	14.46	14.90	3956	1165577	1
2015.01.06	14.79	15.26	14.70	15.26	3649	1932755	1
2015.01.07	15.20	15.38	14.60	14.60	6459	1777036	1
2015.01.08	14.46	14.70	14.25	14.32	4026	1541813	1
2015.01.09	14.19	14.38	13.89	14.10	3560	1245192	1
2015.01.12	14.10	14.45	13.72	14.30	3461	2344708	1
2015.01.13	14.23	14.68	13.74	13.74	4804	2873543	1
2015.01.14	13.74	14.09	13.44	13.83	5118	2083073	1
2015.01.15	13.65	14.25	13.65	14.10	5655	1868346	1
2015.01.16	14.24	14.55	13.92	14.38	5474	1145964	1
2015.01.19	14.40	14.40	13.63	13.63	3048	905656	1
2015.01.20	13.77	14.05	12.87	13.11	4160	2680447	1
2015.01.21	13.04	13.32	12.85	12.98	4620	2288780	1
2015.01.22	13.23	13.61	12.89	13.56	6863	3588726	1
2015.01.23	13.60	14.05	13.19	13.30	3154	883551	1
2015.01.26	13.35	13.35	12.67	12.73	4555	1582320	1
2015.01.27	12.74	12.74	12.37	12.59	1901	557834	1
2015.01.28	12.51	12.79	12.14	12.28	3911	1554621	1
2015.01.29	12.35	12.94	12.14	12.88	2694	1284403	1
2015.01.30	12.64	13.01	12.12	12.26	5505	1851149	1
2015.02.02	12.24	12.24	11.71	11.79	7241	2307698	1
2015.02.03	11.85	12.13	11.59	11.69	8255	2353698	1
2015.02.04	11.77	12.02	11.71	11.95	7153	2159965	1
2015.02.05	11.91	12.10	11.77	11.79	3597	1168076	1
2015.02.06	11.66	11.71	10.87	10.99	7524	2986660	1
2015.02.09	11.02	11.13	10.59	10.73	6313	2083465	1
2015.02.10	10.60	10.94	10.60	10.86	4306	1532710	1
2015.02.11	11.09	11.23	10.40	10.49	8939	3033664	1
2015.02.12	10.64	11.22	10.64	10.98	5194	1679230	1
2015.02.13	10.98	11.06	10.72	10.84	2728	844541	1
2015.02.18	10.84	11.27	10.82	10.91	2710	837762	1
2015.02.19	10.81	10.91	10.69	10.84	1908	673842	1
2015.02.20	10.84	11.03	10.80	10.94	1721	603140	1
2015.02.23	10.94	11.11	10.55	10.55	4965	1259988	1
2015.02.24	10.60	10.91	10.53	10.91	2909	986578	1
2015.02.25	10.75	10.84	10.61	10.69	2911	957673	1
2015.02.26	10.70	10.79	10.40	10.54	4495	2235887	1
2015.02.27	10.49	10.60	10.01	10.08	4978	2392904	1
2015.03.02	9.99	10.28	9.59	9.69	7767	1881145	1
2015.03.03	9.65	9.91	9.49	9.67	5496	1412990	1
2015.03.04	9.63	9.73	9.39	9.58	6567	1828556	1
2015.03.05	9.63	9.67	9.39	9.39	2193	769458	1
2015.03.06	9.42	9.44	9.12	9.15	3112	1060780	1
2015.03.09	9.13	9.13	8.70	8.83	5170	1771142	1
2015.03.10	8.73	9.04	8.53	8.66	4752	1782832	1
2015.03.11	8.59	9.45	8.41	9.37	6577	2524425	1
2015.03.12	9.39	9.61	8.63	8.73	7532	2718337	1
2015.03.13	8.53	8.69	8.37	8.37	3875	1462408	1
2015.03.16	8.48	8.59	8.21	8.21	3715	1248285	1
2015.03.17	8.21	8.41	8.13	8.31	3910	1486621	1
2015.03.18	8.32	8.49	8.27	8.38	4449	1548523	1
2015.03.19	8.43	8.48	8.23	8.34	2996	1100474	1
2015.03.20	8.37	9.03	8.36	8.83	4051	1453403	1
2015.03.23	8.83	9.48	8.83	9.28	4662	1996172	1
2015.03.24	9.38	9.58	8.73	8.88	3951	1629941	1
2015.03.25	8.91	9.11	8.68	8.70	2558	1142578	1
2015.03.26	8.70	8.70	8.29	8.29	3488	1175685	1
2015.03.27	8.42	8.42	8.13	8.14	2160	944563	1
2015.03.30	8.15	8.37	8.15	8.24	2076	1142791	1
2015.03.31	8.08	8.28	7.85	7.85	4074	1757646	1
2015.04.01	7.93	8.03	7.35	7.44	5198	2544424	1
2015.04.02	7.52	7.80	7.49	7.65	3499	1376113	1
2015.04.06	7.70	7.90	7.65	7.78	3656	935663	1
2015.04.07	7.88	8.10	7.78	8.03	3944	1309995	1
2015.04.08	8.13	8.24	8.03	8.19	3883	1328302	1
2015.04.09	8.16	8.30	7.91	7.97	3062	1164893	1
2015.04.10	7.94	8.18	7.85	7.93	2101	673442	1
2015.04.13	7.87	8.02	7.83	7.86	2262	583139	1
2015.04.14	7.95	8.56	7.95	8.44	6495	3050584	1
2015.04.15	8.49	8.65	8.25	8.40	4169	1573225	1
2015.04.16	8.53	8.59	8.36	8.40	2410	806661	1
2015.04.17	8.29	8.36	8.04	8.05	3355	994575	1
2015.04.20	8.14	8.14	7.93	7.98	1845	551434	1
2015.04.22	7.98	8.21	7.98	8.03	2662	775346	1
2015.04.23	8.10	8.26	8.00	8.18	2386	883567	1
2015.04.24	8.25	8.43	8.23	8.26	3600	993874	1
2015.04.27	8.37	8.59	8.23	8.41	5130	1737134	1
2015.04.28	8.51	8.63	8.05	8.12	4859	1724847	1
2015.04.29	8.12	8.12	7.76	7.81	3722	1555222	1
2015.04.30	7.83	7.91	7.63	7.63	2474	1716649	1
2015.05.04	7.71	8.02	7.68	7.99	3627	1596530	1
2015.05.05	8.00	8.23	7.93	8.18	3928	1574823	1
2015.05.06	8.18	8.30	7.84	8.01	3992	1146384	1
2015.05.07	8.03	8.09	7.78	8.01	3208	993867	1
2015.05.08	8.06	8.18	7.70	7.77	4432	1820953	1
2015.05.11	7.79	7.88	7.70	7.70	1922	722944	1
2015.05.12	7.73	7.83	7.63	7.75	2559	839161	1
2015.05.13	7.68	7.99	7.63	7.94	2553	1561337	1
2015.05.14	7.93	8.16	7.90	7.97	3533	1594129	1
2015.05.15	7.93	8.42	7.93	8.38	5098	2261089	1
2015.05.18	8.43	8.43	7.93	7.93	2873	1226786	1
2015.05.19	8.00	8.05	7.74	7.79	2117	1006081	1
2015.05.20	7.80	7.90	7.58	7.67	2807	1802356	1
2015.05.21	7.68	7.79	7.61	7.66	2426	970374	1
2015.05.22	7.70	7.86	7.64	7.83	2494	729347	1
2015.05.25	7.79	7.95	7.69	7.75	2044	720750	1
2015.05.26	7.76	7.79	7.64	7.66	2260	625339	1
2015.05.27	7.75	7.76	7.64	7.66	2113	553830	1
2015.05.28	7.66	7.88	7.59	7.87	2606	1295606	1
2015.05.29	7.91	7.91	7.75	7.82	3131	720243	1
2015.06.01	7.85	7.86	7.73	7.80	2212	519423	1
2015.06.02	7.86	7.95	7.77	7.89	3305	1507623	1
2015.06.03	7.91	7.91	7.75	7.76	1403	500633	1
2015.06.05	7.73	7.91	7.73	7.88	1867	658138	1
2015.06.08	7.91	8.07	7.64	7.64	2827	1879466	1
2015.06.09	7.72	7.74	7.49	7.53	2159	1173596	1
2015.06.10	7.58	7.82	7.57	7.68	2425	1158493	1
2015.06.11	7.72	7.74	7.61	7.67	1939	573532	1
2015.06.12	7.63	7.81	7.58	7.81	2079	846867	1
2015.06.15	7.80	7.82	7.63	7.76	2215	637637	1
2015.06.16	7.79	7.83	7.66	7.68	2270	624533	1
2015.06.17	7.66	7.78	7.64	7.69	2474	927875	1
2015.06.18	7.75	7.75	7.63	7.67	1770	594842	1
2015.06.19	7.72	7.79	7.63	7.77	1995	1013083	1
2015.06.22	7.79	7.80	7.66	7.66	1078	292114	1
2015.06.23	7.71	7.77	7.64	7.64	1352	491341	1
2015.06.24	7.70	7.74	7.64	7.69	2314	712460	1
2015.06.25	7.67	7.78	7.49	7.49	2710	961971	1
2015.06.26	7.52	7.81	7.37	7.78	4864	2388504	1
2015.06.29	7.66	7.68	7.36	7.38	2918	1460413	1
2015.06.30	7.49	7.50	7.39	7.40	1935	746458	1
2015.07.01	7.46	7.52	7.13	7.14	2634	836856	1
2015.07.02	7.18	7.24	6.82	6.91	3527	1454725	1
2015.07.03	6.82	6.96	6.68	6.71	2325	754653	1
2015.07.06	6.67	6.82	6.46	6.53	4349	1388102	1
2015.07.07	6.52	6.57	6.10	6.25	5323	1819650	1
2015.07.08	6.24	6.35	6.12	6.22	3433	893661	1
2015.07.10	6.30	6.38	6.06	6.07	4111	1454517	1
2015.07.13	6.37	7.12	6.37	7.00	8165	4719351	1
2015.07.14	7.20	7.23	6.68	6.96	6926	3808451	1
2015.07.15	6.91	7.14	6.78	7.05	4772	2154486	1
2015.07.16	7.11	7.11	6.89	6.92	4119	1403000	1
2015.07.17	6.90	6.97	6.44	6.65	5166	1919400	1
2015.07.20	6.59	6.64	6.17	6.17	5316	2525400	1
2015.07.21	6.17	6.41	6.06	6.11	4108	1675100	1
2015.07.22	6.08	6.12	5.84	5.90	2114	1140800	1
2015.07.23	5.84	5.86	5.59	5.65	3427	1750100	1
2015.07.24	5.67	5.85	5.58	5.64	2031	1047300	1
2015.07.27	5.70	6.40	5.54	6.11	4832	2653400	1
2015.07.28	6.29	6.33	5.75	5.82	4984	2182400	1
2015.07.29	5.87	5.97	5.71	5.78	2073	1404600	1
2015.07.30	5.82	5.85	5.67	5.78	1845	855200	1
2015.07.31	5.82	5.82	5.63	5.70	1285	656100	1
2015.08.03	5.70	5.86	5.64	5.78	3046	858400	1
2015.08.04	5.80	5.84	5.65	5.69	953	443600	1
2015.08.05	5.74	5.96	5.70	5.71	3299	1166900	1
2015.08.06	5.72	5.76	5.58	5.62	1814	666400	1
2015.08.07	5.60	5.63	5.37	5.37	2874	1055200	1
2015.08.10	5.36	5.41	5.22	5.29	2180	596900	1
2015.08.11	5.29	5.81	5.19	5.56	4493	2455300	1
2015.08.12	5.59	5.65	5.34	5.49	3165	1068400	1
2015.08.13	5.52	5.59	5.40	5.43	2406	922500	1
2015.08.14	5.32	5.39	5.02	5.03	3307	1428200	1
2015.08.17	5.06	5.20	4.94	4.99	2296	793500	1
2015.08.18	4.99	4.99	4.61	4.69	6858	2424800	1
2015.08.19	4.67	4.70	4.34	4.34	5253	2431100	1
2015.08.20	4.32	4.44	4.23	4.39	3329	1469800	1
2015.08.21	4.42	4.46	4.31	4.35	2622	1383900	1
2015.08.24	3.87	4.13	3.82	3.98	4970	1957400	1
2015.08.26	4.12	4.34	4.09	4.32	3157	1448400	1
2015.08.27	4.49	4.65	4.37	4.53	8816	2146900	1
2015.08.28	4.46	4.67	4.34	4.38	3265	1031100	1
2015.08.31	4.21	4.39	4.14	4.18	4927	1748900	1
2015.09.01	4.11	4.16	3.83	3.83	4625	2087600	1
2015.09.02	3.87	4.20	3.87	4.05	6293	2248000	1
2015.09.03	4.12	4.28	4.06	4.24	5294	1779400	1
2015.09.04	4.23	4.75	4.06	4.51	4799	2598400	1
2015.09.08	4.57	4.81	4.48	4.75	5112	2140900	1
2015.09.09	4.91	4.91	4.54	4.54	5735	2412100	1
2015.09.10	4.30	4.39	4.22	4.31	6098	3164500	1
2015.09.11	4.27	4.36	4.14	4.32	4171	1664800	1
2015.09.14	4.41	4.43	4.23	4.35	4925	1566200	1
2015.09.15	4.35	4.61	4.30	4.47	4574	1847300	1
2015.09.16	4.65	4.67	4.48	4.59	5723	2391800	1
2015.09.17	4.53	4.74	4.42	4.62	6269	1809200	1
2015.09.18	4.55	4.68	4.40	4.58	5784	1697900	1
2015.09.21	4.50	4.62	4.10	4.10	3504	1407100	1
2015.09.22	4.02	4.04	3.75	3.77	5806	2605900	1
2015.09.23	3.79	3.94	3.72	3.76	2705	1267600	1
2015.09.24	3.76	3.76	3.56	3.69	3917	1611900	1
2015.09.25	3.79	3.86	3.58	3.66	4349	1157100	1
2015.09.28	3.65	3.68	3.54	3.55	1751	614700	1
2015.09.29	3.55	3.59	3.44	3.44	1741	920400	1
2015.09.30	3.43	3.94	3.43	3.68	4183	1847000	1
2015.10.01	3.71	3.75	3.47	3.49	2772	1180600	1
2015.10.02	3.48	3.72	3.48	3.67	4109	1309400	1
2015.10.05	3.73	3.80	3.66	3.76	3662	1397200	1
2015.10.06	3.74	4.05	3.74	3.94	4095	1580600	1
2015.10.07	4.02	4.25	3.97	4.04	5796	2360000	1
2015.10.08	4.02	4.23	4.02	4.12	7469	1805000	1
2015.10.09	4.25	4.48	4.16	4.42	6320	2735700	1
2015.10.13	4.32	4.32	3.81	3.82	4904	1842100	1
2015.10.14	3.84	4.05	3.84	3.85	9243	2634900	1
2015.10.15	3.99	4.01	3.90	4.00	4669	1748500	1
2015.10.16	3.98	4.01	3.87	3.88	3731	1359200	1
2015.10.19	3.89	3.95	3.66	3.67	8218	2124500	1
2015.10.20	3.66	3.77	3.57	3.69	5492	1574600	1
2015.10.21	3.64	3.71	3.59	3.60	2490	772300	1
2015.10.22	3.66	3.78	3.66	3.75	4987	1718300	1
2015.10.23	3.85	3.86	3.59	3.64	3979	1170400	1
2015.10.26	3.65	3.69	3.53	3.56	2565	727700	1
2015.10.27	3.57	3.65	3.48	3.57	3244	1222100	1
2015.10.28	3.53	3.65	3.53	3.57	2301	1010800	1
2015.10.29	3.57	3.67	3.50	3.50	1877	498100	1
2015.10.30	3.49	3.58	3.46	3.56	2746	977600	1
2015.11.03	3.67	3.71	3.56	3.67	5752	1447600	1
2015.11.04	3.71	3.86	3.64	3.71	3628	1350900	1
2015.11.05	3.71	3.83	3.59	3.81	3275	1544700	1
2015.11.06	3.78	3.81	3.60	3.63	2905	838800	1
2015.11.09	3.61	3.67	3.55	3.56	3564	1176600	1
2015.11.10	3.58	3.61	3.46	3.49	2652	824100	1
2015.11.11	3.46	3.58	3.46	3.52	1769	990400	1
2015.11.12	3.50	3.57	3.43	3.57	2303	924700	1
2015.11.13	3.58	3.59	3.48	3.59	2025	648100	1
2015.11.16	3.55	3.59	3.44	3.44	2189	830300	1
2015.11.17	3.47	3.54	3.45	3.54	2441	740700	1
2015.11.18	3.49	3.56	3.46	3.48	1847	507100	1
2015.11.19	3.58	3.66	3.55	3.62	4013	961400	1
2015.11.23	3.63	3.63	3.54	3.54	2104	790400	1
2015.11.24	3.54	3.60	3.49	3.55	1686	374000	1
2015.11.25	3.52	3.57	3.45	3.51	3132	796700	1
2015.11.26	3.46	3.56	3.46	3.47	1098	549700	1
2015.11.27	3.46	3.51	3.43	3.46	2181	612100	1
2015.11.30	3.42	3.56	3.35	3.42	3441	1601000	1
2015.12.01	3.43	3.44	3.34	3.38	2261	629900	1
2015.12.02	3.42	3.54	3.37	3.48	5441	1241300	1
2015.12.03	3.56	3.71	3.51	3.58	2763	1005500	1
2015.12.04	3.54	3.54	3.40	3.50	2987	766900	1
2015.12.07	3.50	3.55	3.41	3.45	1513	313300	1
2015.12.08	3.46	3.49	3.38	3.42	1498	399200	1
2015.12.09	3.37	3.52	3.34	3.52	3332	949900	1
2015.12.10	3.48	3.49	3.35	3.35	1907	459100	1
2015.12.11	3.36	3.39	3.32	3.34	2416	604500	1
2015.12.14	3.41	3.41	3.16	3.36	4283	1766600	1
2015.12.15	3.36	3.37	3.24	3.25	2288	731800	1
2015.12.16	3.24	3.26	3.16	3.25	1743	548300	1
2015.12.17	3.25	3.31	3.16	3.16	1500	542300	1
2015.12.18	3.17	3.17	2.91	2.96	7295	1772000	1
2015.12.21	2.96	3.00	2.80	2.81	4128	1275200	1
2015.12.22	2.83	2.84	2.47	2.50	2811	2890400	1
2015.12.23	2.55	2.59	2.37	2.47	4611	2612400	1
2015.12.28	2.48	2.51	2.34	2.40	2683	1577300	1
2015.12.29	2.40	2.44	2.34	2.40	2122	1287000	1
2015.12.30	2.40	2.54	2.36	2.53	4118	3408900	1
2016.01.04	2.43	2.54	2.41	2.42	1883	1204200	1
2016.01.05	2.48	2.57	2.24	2.26	10928	3266600	1
2016.01.06	2.26	2.27	2.00	2.01	5067	2430600	1
2016.01.07	1.96	1.96	1.84	1.88	1373	1075100	1
2016.01.08	1.91	1.95	1.76	1.80	1005	1331000	1
2016.01.11	1.79	1.85	1.69	1.70	2919	1691300	1
2016.01.12	1.69	1.72	1.59	1.62	2935	1943000	1
2016.01.13	1.62	1.66	1.45	1.45	3381	1722300	1
2016.01.14	1.45	1.47	1.27	1.31	2391	1936500	1
2016.01.15	1.29	1.31	1.24	1.27	1993	1383800	1
2016.01.18	1.28	1.40	1.25	1.30	2940	1791800	1
2016.01.19	1.35	1.47	1.26	1.27	3133	2824900	1
2016.01.20	1.32	1.41	1.25	1.28	7314	5715200	1
2016.01.21	1.29	1.34	1.18	1.18	5823	4597700	1
2016.01.22	1.20	1.26	1.14	1.16	4576	3830600	1
2016.01.26	1.16	1.18	1.13	1.17	4248	1965800	1
2016.01.27	1.17	1.23	1.16	1.19	1548	1222700	1
2016.01.28	1.20	1.23	1.17	1.20	1518	983500	1
2016.01.29	1.23	1.62	1.20	1.54	6436	4372600	1
2016.02.01	1.81	2.31	1.81	2.31	7783	13344400	1
2016.02.02	2.17	2.96	1.96	1.96	9951	15449900	1
2016.02.03	1.87	2.25	1.84	2.17	11109	10371700	1
2016.02.04	2.30	2.45	2.21	2.33	6056	7449900	1
2016.02.05	2.31	2.46	2.15	2.23	5468	5391000	1
2016.02.10	2.16	2.16	2.02	2.04	2879	2070800	1
2016.02.11	2.04	2.09	1.89	1.96	4063	3881000	1
2016.02.12	1.97	2.09	1.97	2.00	1312	1965900	1
2016.02.15	2.05	2.08	1.92	1.92	639	1688100	1
2016.02.16	1.94	1.98	1.86	1.94	2360	2378900	1
2016.02.17	1.95	2.00	1.89	1.89	1727	2232400	1
2016.02.18	1.88	1.93	1.79	1.86	1635	2211100	1
2016.02.19	1.81	1.85	1.79	1.81	849	885500	1
2016.02.22	1.88	2.00	1.87	1.99	2319	1949300	1
2016.02.23	1.99	2.15	1.95	1.98	2812	3250700	1
2016.02.24	1.94	1.99	1.87	1.94	2323	1903400	1
2016.02.25	1.96	2.02	1.89	1.89	2063	2023700	1
2016.02.26	2.08	2.41	2.06	2.18	7977	12946400	1
2016.02.29	2.32	2.46	2.27	2.32	3875	6704700	1
2016.03.01	2.38	2.43	2.19	2.26	3115	4152600	1
2016.03.02	2.67	2.79	2.54	2.74	8653	12671500	1
2016.03.03	2.81	3.86	2.76	3.81	10093	14859000	1
2016.03.04	4.07	4.45	3.06	3.17	9608	10217300	1
2016.03.07	3.31	3.62	3.11	3.31	3779	4417800	1
2016.03.08	3.31	3.39	3.13	3.27	3307	2958200	1
2016.03.09	3.37	3.44	3.22	3.23	2569	2035900	1
2016.03.10	3.35	3.47	3.05	3.44	5031	4478600	1
2016.03.11	3.61	3.82	3.21	3.31	4283	5521400	1
2016.03.14	3.45	3.45	2.99	3.07	2804	2081200	1
2016.03.15	2.81	2.91	2.62	2.69	2619	2875800	1
2016.03.16	2.50	2.71	2.37	2.67	2729	3328700	1
2016.03.17	3.01	3.10	2.75	3.05	4656	3947000	1
2016.03.18	3.11	3.17	2.89	3.00	2304	2758400	1
2016.03.21	3.01	3.04	2.84	2.94	1413	1556000	1
2016.03.22	2.89	3.49	2.85	3.30	4518	5843800	1
2016.03.23	3.24	3.45	3.21	3.21	2806	3606000	1
2016.03.24	3.15	3.22	3.04	3.12	2158	2514700	1
2016.03.28	3.26	3.44	3.24	3.31	3749	4040600	1
2016.03.29	3.36	3.39	3.23	3.28	1982	2410400	1
2016.03.30	3.11	3.18	2.96	2.97	4465	5838100	1
2016.03.31	2.91	2.95	2.63	2.78	3436	4318500	1
2016.04.01	2.78	2.84	2.65	2.73	2090	2264300	1
2016.04.04	2.70	2.83	2.49	2.50	2253	2703400	1
2016.04.05	2.51	2.62	2.34	2.55	1401	1935600	1
2016.04.06	2.51	2.60	2.44	2.49	1187	1114300	1
2016.04.07	2.54	2.57	2.35	2.38	1350	1579200	1
2016.04.08	2.46	2.50	2.31	2.37	1868	2857400	1
2016.04.11	2.40	2.44	2.27	2.30	1708	2339200	1
2016.04.12	2.29	2.39	2.20	2.32	2754	3459000	1
2016.04.13	2.39	2.71	2.37	2.60	4188	6108600	1
2016.04.14	2.71	2.79	2.45	2.51	2213	3815300	1
2016.04.15	2.58	2.62	2.50	2.60	2004	1980300	1
2016.04.18	2.56	2.59	2.46	2.49	1632	1899500	1
2016.04.19	2.49	2.68	2.47	2.67	2180	3004000	1
2016.04.20	2.67	2.75	2.56	2.58	1984	2083200	1
2016.04.22	2.55	2.63	2.50	2.54	1221	1356300	1
2016.04.25	2.54	2.57	2.41	2.44	1613	1620300	1
2016.04.26	2.43	2.52	2.36	2.51	1308	1463800	1
2016.04.27	2.53	2.57	2.46	2.48	1102	1443100	1
2016.04.28	2.47	2.51	2.43	2.46	877	979800	1
2016.04.29	2.48	2.50	2.36	2.45	1218	1493400	1
2016.05.02	2.44	2.60	2.36	2.57	2090	2542800	1
2016.05.03	2.54	2.59	2.47	2.54	1080	1526200	1
2016.05.04	2.79	3.34	2.73	3.26	10071	19179400	1
2016.05.05	3.14	3.14	2.68	2.71	6409	10464200	1
2016.05.06	2.64	2.87	2.53	2.66	3988	5399700	1
2016.05.09	2.71	2.73	2.58	2.64	1732	3872500	1
2016.05.10	2.69	2.72	2.60	2.68	1466	2988600	1
2016.05.11	2.76	2.91	2.71	2.81	3700	4761100	1
2016.05.12	3.13	3.19	2.94	3.12	5301	11322900	1
2016.05.13	3.13	3.16	2.91	2.98	2469	3025900	1
2016.05.16	2.96	3.08	2.89	2.94	1731	2037800	1
2016.05.17	2.98	2.98	2.73	2.75	2777	2617200	1
2016.05.18	2.71	2.81	2.70	2.76	3226	2903900	1
2016.05.19	2.73	2.75	2.62	2.67	1519	1822500	1
2016.05.20	2.71	2.72	2.61	2.62	1829	1572600	1
2016.05.23	2.60	2.77	2.54	2.67	1383	2188000	1
2016.05.24	2.70	2.72	2.44	2.48	2862	3989100	1
2016.05.25	2.52	2.59	2.48	2.51	1776	2936200	1
2016.05.27	2.46	2.56	2.44	2.51	1374	1283600	1
2016.05.30	2.51	2.53	2.37	2.41	2808	4699300	1
2016.05.31	2.41	2.43	2.25	2.28	5674	5371300	1
2016.06.01	2.27	2.36	2.27	2.31	934	1275800	1
2016.06.02	2.33	2.36	2.29	2.33	863	1347900	1
2016.06.03	2.39	2.47	2.32	2.33	1853	1997200	1
2016.06.06	2.34	2.44	2.34	2.37	1325	1573000	1
2016.06.07	2.39	2.44	2.35	2.40	1150	1554400	1
2016.06.08	2.44	2.58	2.41	2.56	1989	2787900	1
2016.06.09	2.67	2.87	2.63	2.77	6083	10321300	1
2016.06.10	2.73	2.75	2.51	2.54	2331	4038600	1
2016.06.13	2.48	2.54	2.42	2.48	1020	1140400	1
2016.06.14	2.49	2.56	2.38	2.43	1322	1736800	1
2016.06.15	2.45	2.54	2.42	2.52	1627	2002600	1
2016.06.16	2.48	2.50	2.41	2.46	1269	1456600	1
2016.06.17	2.47	2.63	2.46	2.61	2361	3005200	1
2016.06.20	2.70	2.76	2.63	2.69	3651	4570000	1
2016.06.21	2.78	2.89	2.53	2.81	7788	12912500	1
2016.06.22	2.93	3.18	2.86	2.99	8380	13050100	1
2016.06.23	3.11	3.61	3.04	3.61	8481	15126000	1
2016.06.24	3.36	3.71	3.34	3.61	9711	10414700	1
2016.06.27	3.60	3.65	3.14	3.26	5448	6337900	1
2016.06.28	3.43	3.71	3.40	3.69	8390	10662700	1
2016.06.29	3.82	3.88	3.12	3.42	14023	21094000	1
2016.06.30	3.15	3.52	3.09	3.46	6398	8835500	1
2016.07.01	3.45	3.54	3.23	3.41	5461	5761100	1
2016.07.04	3.36	3.44	3.16	3.21	3103	3228700	1
2016.07.05	3.24	3.36	3.14	3.20	6133	6335300	1
2016.07.06	3.28	3.31	3.17	3.28	2086	3346400	1
2016.07.07	3.33	3.38	3.22	3.26	2732	3767200	1
2016.07.08	3.28	3.33	3.25	3.33	1307	1710300	1
2016.07.11	3.36	3.57	3.33	3.48	2844	3949300	1
2016.07.12	3.56	4.28	3.56	4.13	14662	14444000	1
2016.07.13	4.13	4.59	3.98	4.31	7195	9302900	1
2016.07.14	4.48	4.57	4.36	4.42	3799	5451200	1
2016.07.15	4.49	5.06	4.45	4.93	5287	6532300	1
2016.07.18	5.00	5.36	4.85	5.26	5592	6912800	1
2016.07.19	5.16	5.27	5.06	5.21	3448	4342300	1
2016.07.20	5.19	5.57	5.19	5.55	7632	8554000	1
2016.07.21	5.68	6.02	5.52	5.72	6503	7574500	1
2016.07.22	5.78	5.97	5.37	5.54	5170	5300600	1
2016.07.25	5.54	5.68	5.28	5.39	4019	5057500	1
2016.07.26	4.98	5.25	4.98	5.05	4311	5130500	1
2016.07.27	5.12	5.26	4.95	5.06	4626	3377800	1
2016.07.28	5.09	5.14	4.82	4.94	2427	2208100	1
2016.07.29	5.02	5.15	4.95	5.15	2825	2290400	1
2016.08.01	5.22	5.63	5.19	5.36	3846	4033100	1
2016.08.02	5.42	5.57	4.93	5.22	5400	5268500	1
2016.08.03	5.18	5.44	5.02	5.31	3995	4014000	1
2016.08.04	5.42	5.81	5.32	5.66	4171	4150800	1
2016.08.05	5.77	5.85	5.56	5.62	2040	1875900	1
2016.08.08	5.71	5.71	5.38	5.42	2316	1569700	1
2016.08.09	5.51	5.61	5.38	5.47	935	904100	1
2016.08.10	5.53	5.75	5.42	5.68	3616	2406000	1
2016.08.11	5.73	5.86	5.67	5.80	1558	1379000	1
2016.08.12	5.76	6.26	5.76	6.16	2451	3101900	1
2016.08.15	6.29	6.52	6.18	6.28	3316	3760500	1
2016.08.16	6.53	6.71	6.29	6.53	4254	4050600	1
2016.08.17	6.47	6.56	6.19	6.42	4138	4335100	1
2016.08.18	6.57	7.10	6.57	6.81	7745	6399600	1
2016.08.19	6.81	6.93	6.47	6.49	3941	3746500	1
2016.08.22	6.44	6.44	6.08	6.17	4047	5884800	1
2016.08.23	6.22	6.59	6.22	6.54	2748	2824900	1
2016.08.24	6.53	6.53	6.17	6.17	3012	3099300	1
2016.08.25	6.32	6.39	6.14	6.25	2304	1664000	1
2016.08.26	6.46	6.64	6.15	6.18	3151	2916900	1
2016.08.29	6.25	6.40	6.17	6.29	1584	1339700	1
2016.08.30	6.34	6.38	6.18	6.31	2099	1202300	1
2016.08.31	6.37	6.43	6.19	6.35	2612	2083000	1
2016.09.01	6.36	6.43	6.26	6.33	893	724700	1
2016.09.02	6.35	6.98	6.33	6.90	3756	3575000	1
2016.09.05	6.91	7.41	6.78	7.18	3721	2477200	1
2016.09.06	7.28	7.35	6.90	7.14	2853	2182200	1
2016.09.08	7.26	7.77	7.20	7.71	3573	2345200	1
2016.09.09	7.61	7.63	7.08	7.08	4059	3889900	1
2016.09.12	7.03	7.03	6.67	6.88	3521	3055600	1
2016.09.13	6.92	6.97	6.47	6.50	3249	2808700	1
2016.09.14	6.57	6.69	6.37	6.41	3322	2305500	1
2016.09.15	6.42	6.62	6.42	6.50	2263	1620100	1
2016.09.16	6.42	6.42	5.97	6.05	4410	5068600	1
2016.09.19	6.12	6.30	5.92	6.00	2825	2623700	1
2016.09.20	6.00	6.12	5.85	5.88	1903	1958100	1
2016.09.21	6.05	6.31	6.02	6.31	4530	4499200	1
2016.09.22	6.62	7.00	6.60	6.84	5877	4453000	1
2016.09.23	6.89	6.95	6.67	6.75	4499	2449300	1
2016.09.26	6.62	6.84	6.40	6.44	3913	2755900	1
2016.09.27	6.52	6.59	6.23	6.38	3696	2615500	1
2016.09.28	6.39	6.61	6.39	6.52	3083	2653600	1
2016.09.29	6.46	6.59	6.23	6.31	2755	1755200	1
2016.09.30	6.32	6.39	6.15	6.26	2779	1673500	1
2016.10.03	6.29	6.59	6.28	6.39	3278	2516100	1
2016.10.04	6.56	6.67	6.40	6.62	3535	3604500	1
2016.10.05	6.64	6.82	6.64	6.67	1556	1711600	1
2016.10.06	6.72	6.77	6.54	6.74	2057	1696200	1
2016.10.07	6.78	6.95	6.75	6.84	2339	2279600	1
2016.10.10	6.90	7.02	6.86	6.95	1483	1211000	1
2016.10.11	6.91	6.92	6.63	6.68	1831	1571900	1
2016.10.13	6.62	6.85	6.43	6.77	4080	3531100	1
2016.10.14	6.91	7.35	6.80	7.30	7339	6518100	1
2016.10.17	7.31	7.41	7.10	7.26	4376	2518900	1
2016.10.18	7.29	7.44	7.29	7.38	3126	2130500	1
2016.10.19	7.41	8.12	7.24	7.58	10031	11040100	1
2016.10.20	7.41	7.92	7.33	7.83	4806	4095400	1
2016.10.21	7.92	8.30	7.92	8.09	8474	5725400	1
2016.10.24	8.23	8.48	8.13	8.37	6717	4376400	1
2016.10.25	8.39	8.47	7.74	8.12	5686	4626700	1
2016.10.26	8.13	8.13	7.85	8.05	2270	1749100	1
2016.10.27	8.03	8.18	7.93	7.94	2268	2080000	1
2016.10.28	7.94	8.09	7.79	7.97	1525	1548900	1
2016.10.31	8.04	8.08	7.63	7.89	2143	2240500	1
2016.11.01	8.03	8.07	7.36	7.46	4012	3028700	1
2016.11.03	7.46	7.55	7.16	7.17	5311	2380300	1
2016.11.04	7.18	7.36	6.85	7.01	5545	4870300	1
2016.11.07	7.75	7.98	7.40	7.89	6028	4475700	1
2016.11.08	7.87	8.10	7.60	7.70	4497	2982500	1
2016.11.09	7.08	7.63	6.92	7.29	5568	4492100	1
2016.11.10	7.45	7.51	6.00	6.00	14328	11187800	1
2016.11.11	6.14	6.51	5.07	5.52	10539	9178700	1
2016.11.14	5.51	5.72	5.16	5.58	3667	4105300	1
2016.11.16	5.72	6.28	5.65	5.95	8851	6287200	1
2016.11.17	6.17	6.23	5.78	5.84	6136	4620200	1
2016.11.18	5.87	6.01	5.62	5.72	2768	2222000	1
2016.11.21	5.85	5.88	5.47	5.52	3681	3761000	1
2016.11.22	5.69	5.91	5.56	5.81	2737	2275600	1
2016.11.23	5.82	5.92	5.71	5.91	2157	2097400	1
2016.11.24	5.98	6.11	5.83	5.83	1040	1129500	1
2016.11.25	5.79	5.84	5.59	5.68	1525	1636100	1
2016.11.28	5.75	5.81	5.56	5.62	4562	1763500	1
2016.11.29	5.63	5.67	5.47	5.49	2380	1648000	1
2016.11.30	5.55	5.63	5.34	5.44	2460	3200300	1
2016.12.01	5.43	5.43	4.96	4.99	3904	2835800	1
2016.12.02	5.02	5.06	4.72	4.95	2914	2336000	1
2016.12.05	5.00	5.06	4.72	4.77	2508	1573300	1
2016.12.06	4.72	4.94	4.54	4.87	3623	2732100	1
2016.12.07	4.97	5.07	4.84	4.86	2779	1872400	1
2016.12.08	4.92	5.04	4.69	4.79	1829	1565200	1
2016.12.09	4.84	4.90	4.72	4.78	2761	1769800	1
2016.12.12	4.71	4.71	4.40	4.46	2049	1828900	1
2016.12.13	4.57	4.67	4.47	4.62	2443	1904300	1
2016.12.14	4.62	4.87	4.38	4.41	7099	3336900	1
2016.12.15	4.43	4.56	4.23	4.44	2800	2080100	1
2016.12.16	4.49	4.62	4.37	4.37	1835	1407800	1
2016.12.19	4.41	4.42	4.18	4.20	1148	1098900	1
2016.12.20	4.25	4.36	4.07	4.16	1694	1160900	1
2016.12.21	4.23	4.25	4.06	4.06	2132	1556200	1
2016.12.22	4.06	4.11	3.83	3.86	2788	1949600	1
2016.12.23	3.90	4.19	3.84	4.13	2228	1877700	1
2016.12.26	4.18	4.40	4.16	4.33	1826	1798800	1
2016.12.27	4.44	4.71	4.41	4.65	4537	3506400	1
2016.12.28	4.77	4.92	4.75	4.86	2992	3148300	1
2016.12.29	4.81	4.90	4.59	4.64	2718	2869200	1
2017.01.02	4.57	4.62	4.48	4.53	868	999500	1
2017.01.03	4.62	4.90	4.58	4.90	3007	2989100	1
2017.01.04	4.93	5.29	4.88	5.19	5816	5379000	1
2017.01.05	5.28	5.40	5.19	5.25	3478	3505000	1
2017.01.06	5.22	5.25	5.05	5.17	4664	2392100	1
2017.01.09	5.13	5.42	5.13	5.25	3570	2463300	1
2017.01.10	5.30	5.43	5.19	5.24	2582	1877000	1
2017.01.11	5.28	5.37	5.06	5.34	2568	2786400	1
2017.01.12	5.62	5.81	5.59	5.75	7667	5087200	1
2017.01.13	5.74	5.95	5.61	5.68	2688	2876800	1
2017.01.16	5.70	5.80	5.50	5.63	4390	2022700	1
2017.01.17	5.67	5.69	5.52	5.57	2916	1686900	1
2017.01.18	5.59	5.64	5.38	5.41	2812	2323800	1
2017.01.19	5.42	5.48	5.24	5.30	1641	1777300	1
2017.01.20	5.29	5.71	5.29	5.68	3582	2842300	1
2017.01.23	5.67	5.82	5.60	5.77	4831	2404300	1
2017.01.24	5.80	6.02	5.77	6.02	3248	3463500	1
2017.01.26	6.12	6.26	5.89	5.90	3601	2795800	1
2017.01.27	5.96	6.16	5.75	6.12	3187	2796100	1
2017.01.30	6.14	6.32	5.98	6.27	4292	3816300	1
2017.01.31	6.37	6.49	6.24	6.28	5200	4172300	1
2017.02.01	6.35	6.47	5.94	6.15	5415	4421600	1
2017.02.02	6.41	6.47	6.27	6.36	4868	4723300	1
2017.02.03	6.31	6.49	6.20	6.32	2298	2562200	1
2017.02.06	6.33	6.38	6.11	6.15	2170	1920500	1
2017.02.07	6.21	6.29	6.03	6.22	2969	2250100	1
2017.02.08	6.23	6.34	6.08	6.33	4665	2082400	1
2017.02.09	6.34	6.70	6.25	6.70	4919	4884500	1
2017.02.10	6.74	7.03	6.66	6.98	6751	4771800	1
2017.02.13	7.03	7.22	7.01	7.14	3162	2485300	1
2017.02.14	7.08	7.47	6.93	7.35	5425	4460300	1
2017.02.15	7.41	7.95	7.38	7.83	7367	6662400	1
2017.02.16	7.84	8.31	7.84	8.25	8710	6636900	1
2017.02.17	8.66	8.97	8.38	8.92	11997	9394500	1
2017.02.20	9.13	9.76	9.13	9.75	8128	5785200	1
2017.02.21	10.04	10.28	8.53	8.71	18542	14950100	1
2017.02.22	8.53	9.16	8.21	9.08	16624	12668400	1
2017.02.23	9.33	9.45	8.63	8.85	8777	6063000	1
2017.02.24	8.63	8.82	8.37	8.51	5845	3862800	1
2017.03.01	8.88	9.30	8.71	9.26	7064	4322900	1
2017.03.02	9.12	9.59	8.81	9.02	6561	5322600	1
2017.03.03	9.23	9.30	8.92	9.13	4210	3232800	1
2017.03.06	9.07	9.18	8.92	9.13	3725	2247000	1
2017.03.07	9.19	9.43	9.09	9.35	4836	4180500	1
2017.03.08	9.36	9.49	8.53	8.79	7588	4538300	1
2017.03.09	8.38	8.95	8.38	8.72	4117	3321600	1
2017.03.10	8.88	9.09	8.76	8.98	2752	2097600	1
2017.03.13	9.07	9.20	8.73	8.83	3782	2071500	1
2017.03.14	8.73	8.90	8.58	8.69	2141	1397700	1
2017.03.15	8.78	9.31	8.58	9.28	5175	3612000	1
2017.03.16	9.36	9.43	8.96	9.05	2693	1872400	1
2017.03.17	9.23	9.29	8.73	8.93	4814	2317400	1
2017.03.20	8.81	8.90	8.44	8.51	6578	2982300	1
2017.03.21	8.58	8.64	7.76	7.94	6756	4400200	1
2017.03.22	7.78	8.33	7.51	8.23	5326	3879600	1
2017.03.23	8.03	8.47	8.03	8.10	2676	2004200	1
2017.03.24	8.06	8.19	7.88	8.01	1956	1338900	1
2017.03.27	7.88	8.48	7.78	8.36	4642	3010500	1
2017.03.28	8.53	8.72	8.24	8.27	3600	2514700	1
2017.03.29	8.38	8.43	8.16	8.23	2620	1781100	1
2017.03.30	8.23	8.31	8.06	8.19	2576	1351900	1
2017.03.31	8.17	8.42	8.09	8.37	2365	1728900	1
2017.04.03	8.39	8.68	8.37	8.64	3697	1841300	1
2017.04.04	8.75	9.01	8.70	8.87	3986	2688300	1
2017.04.05	9.09	9.51	9.06	9.30	9966	6521400	1
2017.04.06	9.25	9.52	9.07	9.22	5964	3161800	1
2017.04.07	9.12	9.43	9.12	9.23	3521	1564900	1
2017.04.10	9.30	9.77	9.16	9.69	3690	3485400	1
2017.04.11	10.15	10.51	10.05	10.34	11142	7142300	1
2017.04.12	9.88	10.27	9.83	9.92	4691	3521800	1
2017.04.13	9.92	10.18	9.66	9.67	3241	1873300	1
2017.04.17	9.78	10.04	9.67	10.02	2520	1428200	1
2017.04.18	9.99	10.27	9.85	10.20	2059	1477300	1
2017.04.19	10.22	10.48	9.86	9.94	3076	1813800	1
2017.04.20	10.00	10.14	9.88	10.04	1780	1116600	1
2017.04.24	10.05	10.32	10.05	10.18	2638	1255400	1
2017.04.25	10.09	10.28	10.00	10.12	1455	824500	1
2017.04.26	10.06	10.18	9.89	9.95	2020	1307900	1
2017.04.27	9.99	10.08	9.77	9.93	1595	876300	1
2017.04.28	9.95	10.08	9.88	10.08	2312	1128000	1
2017.05.02	10.13	10.81	9.93	10.73	5330	2604800	1
2017.05.03	10.75	10.89	10.37	10.74	3381	1778700	1
2017.05.04	10.85	10.86	10.41	10.54	2643	1306100	1
2017.05.05	10.60	11.14	10.54	10.74	3463	1992100	1
2017.05.08	10.81	11.25	10.67	11.21	6763	3137600	1
2017.05.09	11.29	11.43	11.08	11.29	6888	2439200	1
2017.05.10	11.44	11.46	10.42	10.66	10830	5489500	1
2017.05.11	10.79	10.82	9.81	10.39	8803	5569300	1
2017.05.12	10.41	10.60	10.14	10.30	4430	2310000	1
2017.05.15	10.35	10.48	10.23	10.27	4784	2388300	1
2017.05.16	10.28	10.38	9.95	10.13	4218	2192000	1
2017.05.17	10.19	10.21	9.68	9.68	5294	2441700	1
2017.05.18	7.73	8.34	7.53	7.74	24062	11667700	1
2017.05.19	8.27	8.39	7.88	8.03	6913	4343400	1
2017.05.22	7.93	8.07	7.15	7.25	10398	5653100	1
2017.05.23	7.33	7.51	6.97	7.27	6309	3815700	1
2017.05.24	7.48	7.98	7.35	7.87	8214	6206200	1
2017.05.25	7.93	8.31	7.86	7.95	7600	5333200	1
2017.05.26	8.01	8.15	7.79	7.93	3436	2605000	1
2017.05.29	7.96	7.96	7.79	7.88	1322	838700	1
2017.05.30	7.88	8.07	7.81	8.03	2137	1544200	1
2017.05.31	8.08	8.17	7.68	7.83	2403	2128500	1
2017.06.01	7.87	8.01	7.68	7.68	1698	1287800	1
2017.06.02	7.75	7.82	7.61	7.65	1204	1031700	1
2017.06.05	7.63	7.68	7.43	7.55	1891	1443600	1
2017.06.06	7.53	7.98	7.53	7.88	2813	2373900	1
2017.06.07	8.13	8.42	8.02	8.36	6245	4637900	1
2017.06.08	8.30	8.34	7.86	7.93	3314	2728300	1
2017.06.09	8.02	8.13	7.75	7.80	2745	2136300	1
2017.06.12	7.80	8.06	7.75	7.84	3455	2219600	1
2017.06.13	7.98	7.99	7.61	7.93	2940	2515800	1
2017.06.14	7.97	7.97	7.78	7.89	2309	1804100	1
2017.06.16	7.83	7.87	7.53	7.68	2089	1924400	1
2017.06.19	7.71	7.81	7.57	7.69	3971	1725500	1
2017.06.20	7.79	7.99	7.54	7.63	5883	3717100	1
2017.06.21	7.71	7.75	7.42	7.48	2705	2175500	1
2017.06.22	7.50	7.73	7.37	7.73	1865	1536600	1
2017.06.23	7.78	7.82	7.59	7.72	1534	1196000	1
2017.06.26	7.67	7.85	7.62	7.67	2617	1311800	1
2017.06.27	7.64	7.70	7.43	7.48	3005	1923900	1
2017.06.28	7.49	7.60	7.37	7.45	1835	1437600	1
2017.06.29	7.50	7.57	7.38	7.44	1274	998600	1
2017.06.30	7.45	7.58	7.41	7.58	1311	1175100	1
2017.07.03	7.59	7.65	7.30	7.45	2422	2088800	1
2017.07.04	7.47	7.50	7.35	7.39	796	844000	1
2017.07.05	7.52	8.33	7.47	8.33	8782	8007400	1
2017.07.06	8.35	8.61	8.04	8.23	8352	6720300	1
2017.07.07	8.39	8.78	8.31	8.68	6439	5254800	1
2017.07.10	8.88	9.24	8.86	9.19	6973	5193700	1
2017.07.11	9.26	9.55	9.05	9.07	7959	5970800	1
2017.07.12	9.18	9.48	8.89	9.36	7675	5945100	1
2017.07.13	9.40	9.42	9.18	9.28	2129	1725800	1
2017.07.14	9.28	9.43	9.08	9.26	2115	1650800	1
2017.07.17	9.37	9.84	9.28	9.69	5432	5038300	1
2017.07.18	9.80	9.90	9.43	9.54	4307	3179300	1
2017.07.19	9.59	9.67	9.45	9.56	1944	1224100	1
2017.07.20	9.55	9.60	9.31	9.33	1597	1051400	1
2017.07.21	9.35	9.35	9.11	9.17	1816	1237500	1
2017.07.24	9.24	9.27	8.94	9.08	3374	1507500	1
2017.07.25	9.07	9.36	8.98	9.16	3060	1787000	1
2017.07.26	9.22	9.27	8.79	8.91	3048	2409000	1
2017.07.27	8.93	9.06	8.59	8.63	2906	2403600	1
2017.07.28	8.63	8.67	8.35	8.63	3151	2899400	1
2017.07.31	8.71	9.02	8.69	8.98	4146	3075600	1
2017.08.01	9.09	9.25	8.96	9.11	4189	4656600	1
2017.08.02	9.13	9.47	9.00	9.43	5788	3182900	1
2017.08.03	9.39	9.57	9.26	9.49	3547	2279500	1
2017.08.04	9.54	9.77	9.44	9.77	4881	2990700	1
2017.08.07	9.77	9.91	9.59	9.71	5305	3337300	1
2017.08.08	9.64	10.02	9.44	9.90	5471	3903200	1
2017.08.09	10.04	10.73	9.79	10.52	11689	7446100	1
2017.08.10	10.24	10.37	9.80	10.00	7632	5223400	1
2017.08.11	9.99	9.99	9.63	9.68	5167	3045600	1
2017.08.14	9.67	9.97	9.56	9.84	5095	3121800	1
2017.08.15	9.90	10.16	9.86	9.93	3946	2999800	1
2017.08.16	10.04	10.13	9.79	9.89	3617	2331600	1
2017.08.17	9.89	9.89	9.46	9.66	3058	2582100	1
2017.08.18	9.73	9.87	9.50	9.80	2543	2136400	1
2017.08.21	9.86	10.37	9.85	10.26	5770	5610600	1
2017.08.22	10.39	10.46	10.05	10.24	5300	3207200	1
2017.08.23	10.25	10.34	10.04	10.09	2830	1874400	1
2017.08.24	10.12	10.36	10.06	10.21	3823	2619000	1
2017.08.25	10.28	10.89	10.24	10.87	9118	5412000	1
2017.08.28	10.89	11.21	10.87	11.03	4208	2410800	1
2017.08.29	10.92	11.21	10.68	11.14	4521	2693500	1
2017.08.30	11.30	11.37	10.98	11.17	3880	2207600	1
2017.08.31	11.15	11.37	10.90	11.37	4894	2693300	1
2017.09.01	11.38	11.79	11.25	11.42	4448	2552100	1
2017.09.04	11.35	11.74	11.15	11.64	3429	1108300	1
2017.09.05	12.00	12.52	11.88	12.52	7753	4320500	1
2017.09.06	12.55	13.08	12.54	12.81	7612	2832600	1
2017.09.08	12.78	13.00	12.29	12.63	5748	2530700	1
2017.09.11	12.65	13.04	12.65	12.95	2946	1307600	1
2017.09.12	13.00	13.17	12.69	12.80	4946	2255600	1
2017.09.13	12.80	13.05	12.43	13.04	3293	1776000	1
2017.09.14	12.98	13.46	12.85	13.42	6689	2753200	1
2017.09.15	13.45	13.84	13.45	13.55	3573	2662100	1
2017.09.18	13.67	14.09	13.58	13.86	2997	1711600	1
2017.09.19	13.92	14.13	13.67	13.81	2247	1226900	1
2017.09.20	13.90	14.04	13.40	13.62	2129	1212400	1
2017.09.21	13.50	14.85	12.85	14.14	8160	6057000	1
2017.09.22	14.24	14.68	13.62	13.79	3389	1923900	1
2017.09.25	13.92	13.92	12.93	13.40	4771	2654500	1
2017.09.26	13.45	13.86	13.07	13.16	4376	2779800	1
2017.09.27	13.30	13.30	12.41	12.90	5589	2436000	1
2017.09.28	12.83	12.92	12.50	12.75	5243	1911900	1
2017.09.29	12.71	13.52	12.67	13.40	4555	2554800	1
2017.10.02	13.54	13.68	13.32	13.62	4835	1671500	1
2017.10.03	13.72	14.61	13.72	14.45	4311	2468800	1
2017.10.04	14.45	14.93	14.08	14.35	3587	1740600	1
2017.10.05	15.00	15.49	14.70	15.22	4935	3118000	1
2017.10.06	15.12	15.68	14.71	15.48	4727	2273300	1
2017.10.09	15.46	15.92	15.09	15.50	2534	1815900	1
2017.10.10	15.71	15.85	15.24	15.66	2752	1766900	1
2017.10.11	15.81	15.83	15.00	15.53	3142	2021400	1
2017.10.13	15.66	15.76	15.12	15.25	3127	1503600	1
2017.10.16	15.30	15.30	14.27	14.61	5146	2738900	1
2017.10.17	14.67	14.78	14.11	14.45	4703	1819400	1
2017.10.18	14.61	15.20	14.43	15.11	4472	2730800	1
2017.10.19	15.25	15.25	14.68	15.01	4192	1924500	1
2017.10.20	15.05	15.39	15.01	15.28	3826	1596500	1
2017.10.23	15.23	15.30	14.75	14.75	2594	1599600	1
2017.10.24	14.90	15.36	14.50	15.31	3921	3350900	1
2017.10.25	15.31	15.79	14.88	15.16	3535	2574900	1
2017.10.26	15.33	15.52	14.65	14.76	5481	1988300	1
2017.10.27	14.90	15.20	14.33	15.04	3795	1865400	1
2017.10.30	15.06	15.06	13.90	14.25	5467	3733400	1
2017.10.31	14.30	14.61	13.86	13.90	5249	1770400	1
2017.11.01	14.08	14.20	13.74	13.91	3307	1592400	1
2017.11.03	14.05	14.05	12.82	13.24	9335	2961600	1
2017.11.06	13.11	13.64	12.94	13.28	3832	1820100	1
2017.11.07	13.28	13.30	12.21	12.48	8868	2878700	1
2017.11.08	13.00	14.04	12.83	14.04	6852	3385800	1
2017.11.09	13.97	14.12	13.57	13.62	4026	1980600	1
2017.11.10	13.79	13.79	13.15	13.40	3480	1488200	1
2017.11.13	13.26	13.28	12.66	12.84	7458	3364300	1
2017.11.14	13.10	13.10	12.49	12.49	3783	1752000	1
2017.11.16	12.68	13.24	12.66	13.12	3106	1547600	1
2017.11.17	13.12	13.66	13.05	13.63	4960	1929800	1
2017.11.21	13.75	14.68	13.75	14.30	7975	3121800	1
2017.11.22	14.48	14.55	13.90	14.25	3473	2166900	1
2017.11.23	14.21	14.48	13.92	14.40	2216	1002300	1
2017.11.24	14.30	14.68	14.21	14.27	2559	1077200	1
2017.11.27	14.24	14.82	13.68	14.70	3815	2018100	1
2017.11.28	14.86	15.21	14.80	14.89	5631	2428900	1
2017.11.29	14.89	15.15	14.38	14.50	3338	1423700	1
2017.11.30	13.95	14.13	13.25	14.09	9050	4730400	1
2017.12.01	13.94	14.39	13.70	14.24	5110	2221100	1
2017.12.04	14.29	14.68	14.29	14.46	4506	1724100	1
2017.12.05	14.47	14.88	14.28	14.54	6556	1874900	1
2017.12.06	14.45	14.60	14.25	14.44	4204	1238200	1
2017.12.07	14.30	14.67	13.85	14.43	6216	2324000	1
2017.12.08	14.61	14.89	14.03	14.17	8438	2468000	1
2017.12.11	14.46	14.53	13.89	13.95	4377	2177400	1
2017.12.12	13.90	13.99	13.41	13.94	6726	2600100	1
2017.12.13	14.05	14.21	13.80	13.94	2740	1157600	1
2017.12.14	13.71	14.00	13.57	13.69	2915	1137000	1
2017.12.15	13.70	13.95	13.58	13.88	2414	1230300	1
2017.12.18	13.88	14.21	13.78	13.89	1912	1079600	1
2017.12.19	13.83	13.96	13.68	13.80	3834	914600	1
2017.12.20	13.80	14.20	13.80	13.97	3549	868600	1
2017.12.21	14.16	14.45	13.85	14.45	3594	1106300	1
2017.12.22	14.50	14.65	14.25	14.65	2219	881400	1
2017.12.26	14.69	14.69	14.30	14.45	1644	725800	1
2017.12.27	14.55	14.66	14.11	14.24	3421	1182500	1
2017.12.28	14.13	14.65	14.13	14.65	3913	1511700	1
2018.01.02	14.71	15.33	14.71	15.24	3755	1397700	1
2018.01.03	15.25	15.61	15.06	15.06	4237	1446900	1
2018.01.04	15.20	15.64	15.20	15.64	5131	1844000	1
2018.01.05	15.56	16.06	15.34	15.72	4821	1718100	1
2018.01.08	15.74	15.81	15.43	15.76	3342	991500	1
2018.01.09	15.86	15.86	15.35	15.38	3222	1116000	1
2018.01.10	15.30	15.46	14.98	15.05	2749	1129300	1
2018.01.11	15.06	15.25	14.40	14.65	6970	4079700	1
2018.01.12	14.65	14.75	14.35	14.66	3464	1517500	1
2018.01.15	14.80	15.12	14.64	14.85	2225	950000	1
2018.01.16	14.85	15.36	14.75	15.13	4666	2063300	1
2018.01.17	15.22	15.76	15.13	15.69	4956	2263800	1
2018.01.18	15.56	16.36	15.49	16.14	5872	2936100	1
2018.01.19	16.14	16.35	15.72	15.96	2962	1390800	1
2018.01.22	15.99	16.30	15.99	16.19	4380	1173700	1
2018.01.23	16.26	16.57	15.86	16.19	4613	1834400	1
2018.01.24	16.38	17.06	16.30	17.06	6340	2651500	1
2018.01.26	18.06	18.17	17.15	17.81	6381	2076700	1
2018.01.29	17.56	18.42	17.39	18.24	5130	1659400	1
2018.01.30	18.25	18.48	17.77	18.09	5643	1911000	1
2018.01.31	18.25	18.75	18.18	18.18	6527	2104500	1
2018.02.01	18.17	18.52	17.96	18.31	4838	1417000	1
2018.02.02	18.06	18.14	17.46	17.85	6621	2018100	1
2018.02.05	17.76	17.91	17.29	17.31	5357	1405500	1
2018.02.06	17.11	17.81	16.73	17.81	7552	2525100	1
2018.02.07	17.86	18.02	17.67	17.81	4088	1441100	1
2018.02.08	17.86	18.22	17.18	17.21	4995	1645000	1
2018.02.09	17.31	17.31	15.96	16.61	8774	3022000	1
2018.02.14	17.11	17.45	17.06	17.31	5497	1784300	1
2018.02.15	17.32	17.60	16.95	17.01	3248	1177500	1
2018.02.16	17.09	17.30	16.76	17.08	3556	1230600	1
2018.02.19	17.11	17.20	16.95	17.18	735	301000	1
2018.02.20	17.17	17.27	16.85	17.14	4538	1796700	1
2018.02.21	17.06	17.88	17.04	17.52	5600	2204200	1
2018.02.22	17.55	18.13	17.55	18.13	5305	1523300	1
2018.02.23	18.32	19.14	18.18	19.14	5448	1879300	1
2018.02.26	19.33	20.04	19.32	19.67	6522	2017300	1
2018.02.27	19.67	20.12	19.49	19.68	5729	1858900	1
2018.02.28	19.77	19.93	19.00	19.27	4129	1576500	1
2018.03.01	19.24	19.49	18.62	19.17	3001	1003500	1
2018.03.02	18.85	19.15	18.36	19.09	2438	908400	1
2018.03.05	19.15	19.36	18.72	18.97	4257	1255600	1
2018.03.06	19.26	19.36	18.58	19.11	4036	1370200	1
2018.03.07	19.17	19.32	18.20	18.67	6201	2103400	1
2018.03.08	18.77	19.57	18.58	19.42	8012	2198900	1
2018.03.09	19.47	20.79	19.45	20.79	4953	1954100	1
2018.03.12	20.80	21.93	20.80	21.68	6355	2122000	1
2018.03.13	21.91	22.30	21.32	21.70	6932	2548100	1
2018.03.14	21.70	21.99	20.90	20.99	5937	1611800	1
2018.03.15	21.00	21.28	20.54	21.18	2864	1059600	1
2018.03.16	21.23	22.03	21.19	21.65	3473	1384900	1
2018.03.19	21.71	21.71	20.72	21.00	3919	1328100	1
2018.03.20	21.12	21.45	20.66	20.91	4854	1582000	1
2018.03.21	21.38	21.38	20.63	20.98	5145	1930900	1
2018.03.22	21.06	21.25	20.42	20.57	6099	2006800	1
2018.03.23	20.32	21.55	20.08	21.33	5874	1933300	1
2018.03.26	21.64	21.98	21.24	21.76	5892	1621100	1
2018.03.27	21.91	21.98	21.28	21.48	3690	1189000	1
2018.03.28	21.48	21.48	20.59	20.95	5418	1581600	1
2018.03.29	21.09	22.02	21.08	21.73	6275	2035100	1
2018.04.02	21.55	22.08	21.24	21.43	4517	1291100	1
2018.04.03	21.58	21.89	21.39	21.42	2472	816200	1
2018.04.04	21.08	21.08	20.21	20.63	6128	2044800	1
2018.04.05	21.31	21.46	20.81	21.07	5215	1482500	1
2018.04.06	21.38	24.56	21.38	23.98	13783	5486900	1
2018.04.09	24.02	24.89	22.89	22.99	9693	3094300	1
2018.04.10	23.43	23.61	22.29	22.53	6793	1625800	1
2018.04.11	22.66	22.66	21.80	21.89	6778	2207800	1
2018.04.12	22.10	22.43	21.63	22.08	6298	1944200	1
2018.04.13	22.09	22.29	20.85	21.28	8347	2815400	1
2018.04.16	21.28	21.47	20.59	20.59	8982	2225500	1
2018.04.17	20.90	22.16	20.87	22.11	5758	2402800	1
2018.04.18	22.37	23.07	22.37	22.82	5718	1934700	1
2018.04.19	22.58	22.58	20.88	21.29	9760	4248800	1
2018.04.20	21.28	21.28	20.29	20.62	9502	2907200	1
2018.04.23	20.77	21.45	20.22	21.12	4950	1928200	1
2018.04.24	21.63	21.84	20.54	20.57	6992	2758300	1
2018.04.25	20.31	20.36	19.22	19.22	8447	3736400	1
2018.04.26	19.32	19.85	19.07	19.35	6315	2233000	1
2018.04.27	19.57	19.91	19.38	19.57	7503	2358600	1
2018.04.30	19.67	19.84	19.30	19.49	7060	1646600	1
2018.05.02	19.27	19.36	18.18	18.37	7561	2894500	1
2018.05.03	18.55	18.56	17.41	17.50	8973	2930800	1
2018.05.04	17.26	18.47	16.78	18.32	9336	6124000	1
2018.05.07	18.54	18.71	17.16	17.30	8255	3205700	1
2018.05.08	17.30	17.46	16.92	16.92	6129	2055600	1
2018.05.09	17.16	17.33	15.12	15.25	18725	7001600	1
2018.05.10	15.46	16.70	15.36	16.35	10777	5590800	1
2018.05.11	16.39	16.70	15.38	15.84	7461	3425400	1
2018.05.14	16.05	16.26	15.00	15.10	8210	3200200	1
2018.05.15	14.60	14.95	14.08	14.95	10713	3304400	1
2018.05.16	15.16	15.38	14.72	14.92	6214	2267900	1
2018.05.17	15.20	15.25	14.05	14.20	9578	3105900	1
2018.05.18	13.90	14.37	13.30	14.26	8025	2752200	1
2018.05.21	14.91	14.95	14.25	14.79	9023	2666500	1
2018.05.22	14.99	15.28	14.64	15.05	8384	3996400	1
2018.05.23	14.73	14.94	14.20	14.25	5605	2397100	1
2018.05.24	13.85	14.72	13.61	14.20	7781	2871200	1
2018.05.25	14.56	14.93	14.30	14.44	5894	2195100	1
2018.05.28	14.45	14.49	13.23	13.30	4966	1799600	1
2018.05.29	13.75	14.39	13.55	13.96	7732	3226700	1
2018.05.30	14.00	14.50	13.29	13.54	8237	3305900	1
2018.06.01	13.72	14.01	12.99	13.34	7599	2862900	1
2018.06.04	13.52	14.39	13.52	14.35	8475	2716900	1
2018.06.05	14.41	14.41	13.46	13.58	7932	2907200	1
2018.06.06	13.60	13.60	12.74	12.85	9324	3839200	1
2018.06.07	12.44	12.47	11.60	12.01	10770	3908600	1
2018.06.08	12.13	12.49	11.66	12.29	7019	2792200	1
2018.06.11	12.40	12.98	12.10	12.28	6865	2576000	1
2018.06.12	12.34	12.65	12.01	12.39	5113	2185700	1
2018.06.13	12.48	12.95	12.22	12.55	10812	4269100	1
2018.06.14	12.68	12.90	12.04	12.14	7506	3154300	1
2018.06.15	12.07	12.24	11.32	11.49	7109	2812100	1
2018.06.18	11.34	11.49	11.06	11.14	4060	1783100	1
2018.06.19	10.94	12.03	10.80	11.78	7621	3320200	1
2018.06.20	12.05	12.39	11.66	11.84	6926	2667700	1
2018.06.21	11.77	11.95	11.32	11.59	6442	1662800	1
2018.06.22	11.46	11.72	10.99	11.13	5800	2615300	1
2018.06.25	11.20	11.31	10.54	10.65	6678	3170300	1
2018.06.26	10.69	10.92	10.36	10.51	6207	3069200	1
2018.06.27	10.34	10.47	9.94	10.22	8071	4198100	1
2018.06.28	10.09	10.80	10.05	10.69	7382	4376800	1
2018.06.29	10.89	11.03	10.34	10.46	5950	3311700	1
2018.07.02	10.34	10.37	10.04	10.16	3641	1801700	1
2018.07.03	10.28	10.74	10.20	10.24	6836	3631200	1
2018.07.04	10.29	10.68	10.12	10.54	3711	2466400	1
2018.07.05	10.74	10.83	10.29	10.65	5506	2692000	1
2018.07.06	10.73	11.30	10.65	11.16	8469	3945200	1
2018.07.10	11.36	11.43	10.69	11.07	7917	3693900	1
2018.07.11	10.94	11.10	10.71	10.71	3080	1589600	1
2018.07.12	10.85	11.16	10.80	11.13	5526	2385100	1
2018.07.13	11.12	11.36	10.98	11.25	5471	2310000	1
2018.07.16	11.54	12.63	11.51	12.56	12241	7914100	1
2018.07.17	12.65	13.79	12.63	12.94	16749	10629800	1
2018.07.18	13.23	13.62	12.95	13.27	6706	4804300	1
2018.07.19	13.14	13.14	12.56	12.95	6643	3773900	1
2018.07.20	13.65	14.08	13.42	13.61	15551	6319000	1
2018.07.23	13.61	13.83	13.17	13.65	6449	3118400	1
2018.07.24	14.03	14.15	13.86	13.95	6259	3377200	1
2018.07.25	14.09	14.88	14.04	14.88	9705	4905100	1
2018.07.26	14.77	15.00	14.45	14.68	6988	3035800	1
2018.07.27	14.77	15.00	14.75	14.85	6306	2709800	1
2018.07.30	14.95	15.05	14.33	14.50	4565	2679000	1
2018.07.31	14.50	14.50	13.77	13.86	5452	3312800	1
2018.08.01	13.80	14.01	13.30	13.75	6795	3830000	1
2018.08.02	13.85	14.15	13.31	13.65	9581	5917600	1
2018.08.03	13.75	14.68	13.71	14.49	10464	5565700	1
2018.08.06	14.60	14.93	14.35	14.41	7422	3766400	1
2018.08.07	14.62	14.84	13.96	14.04	7831	3796100	1
2018.08.08	13.92	14.29	13.35	13.44	7302	3623300	1
2018.08.09	13.63	13.68	12.88	13.10	10874	4826900	1
2018.08.10	12.95	12.95	12.14	12.35	6442	3452300	1
2018.08.13	12.14	12.45	11.80	12.45	9810	5106200	1
2018.08.14	12.80	12.82	12.22	12.52	5537	3249200	1
2018.08.15	12.13	12.74	12.04	12.67	8248	3466100	1
2018.08.16	12.85	13.17	12.52	12.60	7830	4129600	1
2018.08.17	12.29	12.48	12.15	12.20	4544	2187300	1
2018.08.20	12.32	12.49	12.06	12.40	5039	3012700	1
2018.08.21	12.25	12.31	11.10	11.18	15505	8044500	1
2018.08.22	11.08	11.33	10.70	11.29	10251	6101400	1
2018.08.23	11.40	11.59	10.67	10.67	12654	7875000	1
2018.08.24	10.99	11.13	10.39	10.43	9749	7463300	1
2018.08.27	10.60	10.93	10.31	10.81	9123	6534900	1
2018.08.28	10.70	10.92	10.44	10.60	6157	4419800	1
2018.08.29	10.69	11.34	10.59	11.26	7621	5856100	1
2018.08.30	11.04	11.13	10.75	10.92	8071	4861300	1
2018.08.31	10.97	11.34	10.86	11.25	6900	4945400	1
2018.09.03	11.08	11.19	10.86	10.90	4011	2769900	1
2018.09.04	10.89	11.09	10.16	10.16	10140	7201800	1
2018.09.05	10.21	10.31	10.04	10.06	6867	4221700	1
2018.09.06	10.28	10.33	9.75	10.08	11499	7971000	1
2018.09.10	10.52	10.58	10.01	10.16	8349	6246300	1
2018.09.11	9.92	9.98	9.61	9.64	10113	5642200	1
2018.09.12	9.78	9.88	9.61	9.65	6946	4518700	1
2018.09.13	9.75	9.78	9.28	9.34	7313	4608400	1
2018.09.14	9.38	9.55	9.22	9.36	8954	5883000	1
2018.09.17	9.33	10.24	9.21	10.05	11562	9052000	1
2018.09.18	10.19	10.54	10.10	10.35	9191	5751300	1
2018.09.19	10.35	10.74	10.08	10.54	9276	6385900	1
2018.09.20	10.80	11.14	10.76	11.13	9994	8164000	1
2018.09.21	11.24	11.64	11.19	11.45	9810	6425900	1
2018.09.24	11.20	11.47	10.67	10.72	8447	6619900	1
2018.09.25	10.07	10.92	10.07	10.79	10317	7892700	1
2018.09.26	10.79	11.20	10.77	10.94	8540	5796600	1
2018.09.27	11.04	11.64	11.00	11.64	9404	6851400	1
2018.09.28	11.41	11.62	10.99	11.09	8661	6187300	1
2018.10.01	11.20	11.40	10.61	10.65	8173	5602500	1
2018.10.02	11.25	11.55	11.16	11.53	10412	7575600	1
2018.10.03	13.05	13.19	12.04	12.29	19386	9941200	1
2018.10.04	12.04	12.37	11.70	12.19	12976	8997700	1
2018.10.05	12.55	12.65	12.14	12.44	9832	5754700	1
2018.10.08	13.75	14.77	13.42	14.77	20520	11803800	1
2018.10.09	14.69	15.13	14.20	14.88	13988	9268500	1
2018.10.10	14.50	14.50	13.21	13.35	17679	11726500	1
2018.10.11	13.85	14.10	13.35	13.59	14326	9489900	1
2018.10.15	14.05	14.51	13.50	14.14	17747	12583700	1
2018.10.16	14.60	16.21	14.50	15.96	21351	13370200	1
2018.10.17	15.59	17.03	15.58	16.31	26697	14386500	1
2018.10.18	16.21	16.88	16.07	16.24	19370	10787800	1
2018.10.19	16.61	16.85	15.96	16.27	13598	8805700	1
2018.10.22	16.62	16.84	16.38	16.66	9124	6134900	1
2018.10.23	16.26	16.68	16.16	16.62	8555	5046900	1
2018.10.24	16.49	16.73	15.92	16.00	9916	5472900	1
2018.10.25	16.21	16.84	16.13	16.51	10743	5837000	1
2018.10.26	16.66	18.28	16.59	18.28	18745	10926600	1
2018.10.29	19.27	19.35	16.80	17.09	22582	14420900	1
2018.10.30	17.44	18.48	17.09	18.48	18232	9132700	1
2018.10.31	18.32	18.96	17.76	18.47	21535	11579800	1
2018.11.01	18.07	19.32	18.07	19.32	17002	9581200	1
2018.11.05	19.42	20.48	18.72	20.47	18524	8912100	1
2018.11.06	19.97	21.35	19.61	20.58	17733	11511100	1
2018.11.07	20.98	21.20	19.99	20.27	12772	7972600	1
2018.11.08	20.48	20.61	19.56	19.84	13273	6390800	1
2018.11.09	19.83	20.13	19.08	20.01	15347	9087200	1
2018.11.12	20.14	20.46	19.62	19.67	13371	5920700	1
2018.11.13	19.82	20.08	19.18	19.62	16494	6111000	1
2018.11.14	19.52	20.22	19.52	20.22	11343	5254100	1
2018.11.16	20.47	20.57	19.94	20.28	10704	5054900	1
2018.11.19	20.16	20.66	20.07	20.21	6353	3211600	1
2018.11.21	20.04	21.32	19.76	21.10	10761	5981200	1
2018.11.22	21.08	22.18	20.99	22.16	6672	4525800	1
2018.11.23	22.23	22.73	21.78	21.98	10504	5564900	1
2018.11.26	22.25	22.37	20.10	20.32	15029	6852400	1
2018.11.27	20.74	20.91	20.32	20.67	11320	4125600	1
2018.11.28	20.59	21.41	20.54	20.98	9745	4424800	1
2018.11.29	20.90	21.58	20.73	21.43	8618	3303700	1
2018.11.30	21.23	21.83	21.04	21.68	8757	3455800	1
2018.12.03	21.98	22.15	21.22	21.43	7643	3389400	1
2018.12.04	21.52	21.67	20.51	20.53	10059	3794700	1
2018.12.05	20.69	20.97	20.23	20.93	5805	2145600	1
2018.12.06	20.57	20.66	20.21	20.48	10391	3029000	1
2018.12.07	20.38	20.46	19.62	19.88	9320	3812100	1
2018.12.10	19.87	20.07	18.47	18.47	19174	5748100	1
2018.12.11	18.98	20.87	18.37	20.87	17571	9331600	1
2018.12.12	21.08	21.16	20.16	20.98	12603	6520300	1
2018.12.13	20.98	22.08	20.36	22.08	17087	9671700	1
2018.12.14	21.67	23.83	21.59	23.74	22874	10677000	1
2018.12.17	23.04	24.84	22.57	23.78	24417	10816700	1
2018.12.18	23.63	25.73	23.38	25.21	17667	8311900	1
2018.12.19	25.84	26.22	24.68	24.68	13241	8169400	1
2018.12.20	25.26	25.80	24.75	25.47	14104	6678200	1
2018.12.21	25.30	25.86	24.65	24.83	7540	4033800	1
2018.12.26	24.79	25.39	24.50	24.59	5634	2392200	1
2018.12.27	24.78	25.59	24.11	24.51	10284	5824100	1
2018.12.28	24.79	25.23	24.59	25.19	5801	2603000	1
2019.01.02	25.17	25.71	25.04	25.54	10212	3736100	1
2019.01.03	25.48	25.92	24.78	25.72	7953	3623200	1
2019.01.04	25.75	25.95	24.86	25.09	7298	3172700	1
2019.01.07	24.85	25.24	23.94	23.99	6239	2755900	1
2019.01.08	24.39	24.49	22.82	23.67	10995	4289800	1
2019.01.09	23.79	24.22	23.54	23.56	8808	2974000	1
2019.01.10	23.27	23.80	23.07	23.33	8894	2709700	1
2019.01.11	23.58	25.05	23.52	25.05	16121	6380700	1
2019.01.14	24.92	25.49	24.47	25.25	9173	3737800	1
2019.01.15	25.39	25.59	24.46	24.46	5647	2483900	1
2019.01.16	24.44	24.74	23.84	23.98	6751	2485800	1
2019.01.17	24.34	24.57	24.02	24.11	6630	2703900	1
2019.01.18	24.50	25.17	24.19	24.30	8464	3866600	1
2019.01.21	24.04	24.23	23.58	23.71	5194	2372000	1
2019.01.22	23.65	24.05	22.89	22.89	8746	3404500	1
2019.01.23	23.23	23.43	22.77	23.29	9297	2937700	1
2019.01.24	23.29	23.69	23.23	23.51	7818	2558000	1
2019.01.28	22.86	23.49	22.59	23.25	8817	2998500	1
2019.01.29	23.58	23.62	23.08	23.13	6717	2059200	1
2019.01.30	23.43	24.31	23.40	24.15	9355	2853500	1
2019.01.31	24.59	25.27	24.23	24.81	15438	4457600	1
2019.02.01	24.68	25.14	24.52	25.01	10043	2604600	1
2019.02.04	24.89	27.10	24.85	27.08	16557	5858700	1
2019.02.05	27.59	28.24	27.30	27.69	12867	5636400	1
2019.02.06	27.21	27.90	26.78	26.89	10388	3337500	1
2019.02.07	27.10	27.43	25.97	26.45	8551	2341100	1
2019.02.08	26.57	27.25	25.52	27.13	8200	2410000	1
2019.02.11	27.42	28.24	27.16	27.92	8990	3007700	1
2019.02.12	28.25	28.69	27.77	28.64	13035	3472800	1
2019.02.13	28.67	28.99	28.10	28.75	10741	2446500	1
2019.02.14	28.61	28.74	27.50	28.60	12305	3902200	1
2019.02.15	28.73	29.08	28.23	29.01	8472	2865100	1
2019.02.18	28.72	28.84	28.14	28.36	4499	1439100	1
2019.02.19	28.62	28.73	28.11	28.12	6663	2032200	1
2019.02.20	28.38	28.93	28.01	28.35	10905	2850700	1
2019.02.21	28.30	28.75	26.18	27.40	17891	6764200	1
2019.02.22	27.60	27.93	27.05	27.70	8682	2553200	1
2019.02.25	27.90	28.06	27.10	27.10	6387	1909800	1
2019.02.26	27.10	28.04	26.70	27.60	7541	2680700	1
2019.02.27	27.80	28.00	27.11	27.40	4354	1612100	1
2019.02.28	27.98	28.15	26.45	26.76	6127	2283600	1
2019.03.01	27.06	27.18	25.88	26.52	5747	1939800	1
2019.03.06	26.73	26.99	26.25	26.50	4822	1465500	1
2019.03.07	26.49	27.13	26.20	26.73	5813	1864200	1
2019.03.08	26.60	27.47	25.79	27.15	8112	2732100	1
2019.03.11	26.28	27.32	26.01	26.44	12233	5873600	1
2019.03.12	26.44	27.05	25.90	26.65	9852	3990100	1
2019.03.13	26.69	27.91	26.25	27.53	11695	4188900	1
2019.03.14	27.67	27.80	26.80	26.90	7924	2842400	1
2019.03.15	27.05	27.90	26.93	27.70	8818	3099100	1
2019.03.18	27.76	29.07	27.76	28.96	10653	3504400	1
2019.03.19	29.13	30.88	29.01	30.53	18106	5921800	1
2019.03.20	30.51	31.81	30.51	30.80	14359	5076100	1
2019.03.21	31.38	31.60	29.03	29.25	13513	4492200	1
2019.03.22	28.63	28.90	27.13	27.36	13807	4189200	1
2019.03.25	27.60	28.44	26.91	27.74	9034	3600900	1
2019.03.26	28.22	28.44	27.56	27.65	7549	2434400	1
2019.03.27	27.44	27.44	25.10	25.24	17034	5677500	1
2019.03.28	25.78	25.92	24.53	25.70	13556	5017500	1
2019.03.29	26.26	26.90	25.67	25.99	10181	2970600	1
2019.04.01	26.53	26.81	25.64	25.74	7150	2522900	1
2019.04.02	25.94	26.19	25.02	25.41	7416	2339400	1
2019.04.03	25.49	25.79	24.96	25.49	6167	2115400	1
2019.04.04	25.29	25.89	24.89	25.79	6077	2112600	1
2019.04.05	25.89	26.07	25.20	25.47	9168	2636900	1
2019.04.08	25.47	25.60	24.16	24.29	10411	2981400	1
2019.04.09	23.93	24.02	23.35	23.79	12280	3770100	1
2019.04.10	24.01	24.97	23.81	24.33	12548	5438200	1
2019.04.11	24.41	24.68	23.08	23.48	12898	5576700	1
2019.04.12	23.08	23.92	22.89	23.33	11690	5283100	1
2019.04.15	23.60	23.97	22.48	22.78	6729	2249300	1
2019.04.16	22.78	23.34	22.28	22.81	7165	2486500	1
2019.04.17	22.84	23.12	21.89	22.00	10535	3665200	1
2019.04.18	22.06	24.24	22.06	23.89	11593	4830700	1
2019.04.22	23.89	23.90	22.99	23.19	5613	2075800	1
2019.04.23	23.21	24.57	23.21	23.98	9719	3286600	1
2019.04.24	24.09	24.89	22.99	23.21	11102	3720100	1
2019.04.25	23.05	23.86	22.68	23.25	7674	2693100	1
2019.04.26	23.45	23.58	22.86	23.08	7956	2828300	1
2019.04.29	23.28	23.52	23.05	23.08	3103	1098400	1
2019.04.30	23.08	23.30	22.58	22.86	5931	2158300	1
2019.05.02	22.54	22.64	22.17	22.64	6106	2272900	1
2019.05.03	22.58	23.99	22.11	23.78	10918	4516300	1
2019.05.06	23.04	23.79	22.99	23.38	10512	3293100	1
2019.05.07	23.28	23.58	22.67	23.58	13955	3884600	1
2019.05.08	23.54	24.72	23.54	24.61	13623	3817300	1
2019.05.09	24.27	24.99	23.85	24.93	12590	4059700	1
2019.05.10	24.79	25.66	24.44	25.59	14641	4106400	1
2019.05.13	25.04	25.11	23.67	23.80	13706	4082200	1
2019.05.14	23.89	24.37	22.87	23.13	13152	4435000	1
2019.05.15	22.97	22.97	21.88	22.74	12143	4343400	1
2019.05.16	22.28	22.50	21.06	21.06	13458	4729900	1
2019.05.17	20.57	21.43	20.23	20.57	16086	5186200	1
2019.05.20	20.56	21.19	20.16	20.93	9543	3500000	1
2019.05.21	21.18	22.64	21.00	22.38	11279	4754500	1
2019.05.22	22.83	23.93	22.60	23.63	16310	8323200	1
2019.05.23	23.14	24.69	22.85	23.73	16783	6035300	1
2019.05.24	24.29	25.02	24.09	24.95	13179	7996100	1
2019.05.27	25.34	25.89	25.26	25.59	8466	3428100	1
2019.05.28	25.59	26.59	24.84	26.59	15031	5972800	1
2019.05.29	26.42	27.25	26.02	26.59	15623	5757900	1
2019.05.30	26.63	27.37	26.45	27.19	11530	4549900	1
2019.05.31	26.79	27.61	26.76	27.08	10688	3953400	1
2019.06.03	27.21	28.22	27.21	27.41	13596	4347600	1
2019.06.04	27.91	28.46	27.72	28.21	11686	4215100	1
2019.06.05	28.66	29.18	28.04	28.37	10938	4313900	1
2019.06.06	28.80	29.36	27.97	29.36	10364	3782100	1
2019.06.07	29.76	30.36	29.16	30.09	14973	4219300	1
2019.06.10	30.31	31.11	30.15	30.98	10762	3821500	1
2019.06.11	31.31	31.59	29.96	31.06	14273	5543700	1
2019.06.12	30.91	31.03	30.32	30.78	9074	2649700	1
2019.06.13	30.70	31.50	30.63	30.92	10176	3297700	1
2019.06.14	30.89	31.28	30.31	30.43	8491	2823600	1
2019.06.17	30.62	31.48	30.47	31.11	11044	3026600	1
2019.06.18	31.56	32.08	31.38	32.07	11031	3215500	1
2019.06.19	31.85	33.16	30.95	32.94	18211	5585600	1
2019.06.21	32.81	33.12	31.94	32.32	14480	5759000	1
2019.06.24	32.40	32.71	31.74	32.04	11318	4807400	1
2019.06.25	31.81	32.42	31.35	31.51	11649	4404800	1
2019.06.26	32.12	32.30	31.55	31.56	4869	2171400	1
2019.06.27	31.31	31.79	31.03	31.72	6132	2094700	1
2019.06.28	32.01	32.72	31.83	32.72	6121	2435700	1
2019.07.01	33.03	33.22	31.81	32.02	8703	3183700	1
2019.07.02	32.11	32.53	31.63	32.46	9633	3224100	1
2019.07.03	32.72	35.57	32.70	35.57	18576	7308800	1
2019.07.04	35.73	38.17	35.73	38.17	13099	4593800	1
2019.07.05	38.86	41.79	37.58	40.55	36032	15120200	1
2019.07.08	40.44	42.54	39.97	41.06	26814	9972100	1
2019.07.10	42.16	42.68	40.88	40.88	18272	5979700	1
2019.07.11	41.31	41.40	39.89	40.52	13900	4629500	1
2019.07.12	40.47	40.95	39.25	39.25	10830	3391100	1
2019.07.15	39.35	39.75	38.17	38.30	14058	5206500	1
2019.07.16	38.32	40.08	38.28	40.08	11731	4856700	1
2019.07.17	40.45	40.53	38.10	38.44	17141	6888700	1
2019.07.18	38.74	39.66	37.69	39.24	14589	5537200	1
2019.07.19	38.54	39.88	38.54	38.64	11010	3994900	1
2019.07.22	38.95	39.54	38.49	39.04	5721	2182300	1
2019.07.23	39.17	39.39	38.43	38.76	7091	2500700	1
2019.07.24	38.77	39.72	38.74	39.09	7668	2335800	1
2019.07.25	39.54	39.54	38.16	38.39	8850	3155200	1
2019.07.26	38.39	40.90	38.39	40.83	15790	4845400	1
2019.07.29	41.22	41.41	39.83	41.15	11081	4342800	1
2019.07.30	41.09	41.93	40.57	41.17	10105	3080800	1
2019.07.31	41.14	41.62	40.68	41.12	9630	2672000	1
2019.08.01	41.40	44.78	41.40	43.95	20790	6632200	1
2019.08.02	43.83	44.66	41.46	42.60	14772	4973200	1
2019.08.05	41.15	41.74	40.10	40.90	12507	3854000	1
2019.08.06	42.00	42.00	41.02	41.09	7478	2110800	1
2019.08.07	41.09	41.15	38.96	39.64	15011	4272800	1
2019.08.08	40.10	40.80	39.59	40.13	11023	3020000	1
2019.08.09	40.04	40.85	39.74	40.71	7846	2507100	1
2019.08.12	39.55	39.74	37.77	37.78	17421	6359300	1
2019.08.13	38.01	38.93	37.72	38.24	20134	5199900	1
2019.08.14	37.92	37.92	35.99	36.53	19259	4952800	1
2019.08.15	37.13	37.31	35.59	35.84	11002	4014800	1
2019.08.16	36.82	36.93	34.84	35.11	12558	3499600	1
2019.08.19	35.64	36.23	34.61	35.03	9700	3131500	1
2019.08.20	35.10	35.70	33.86	35.53	12089	3447100	1
2019.08.21	36.22	36.52	34.87	35.31	14254	3710400	1
2019.08.22	35.24	35.43	33.38	33.52	13074	3465700	1
2019.08.23	32.62	34.50	32.47	33.52	20168	5935500	1
2019.08.26	33.93	34.50	32.48	32.51	10301	3095800	1
2019.08.27	32.82	33.76	32.22	32.94	11727	3737300	1
2019.08.28	32.55	33.27	32.39	32.44	7061	2698500	1
2019.08.29	32.87	34.02	32.13	33.88	15211	4073600	1
2019.08.30	34.31	34.78	33.16	33.32	10322	3350300	1
2019.09.02	33.12	33.51	32.76	32.76	4518	1534300	1
2019.09.03	32.44	33.42	31.67	31.67	10384	2943200	1
2019.09.04	32.13	32.62	31.78	32.12	11862	3030100	1
2019.09.05	32.97	34.22	32.71	34.13	16952	6212800	1
2019.09.06	34.60	35.79	33.85	34.18	24247	8997500	1
2019.09.09	34.51	34.61	32.65	32.82	14949	4591000	1
2019.09.10	32.80	33.12	32.18	32.82	8959	2613700	1
2019.09.11	33.28	34.52	33.11	34.45	10472	3540100	1
2019.09.12	34.98	36.20	34.42	35.88	16790	5472300	1
2019.09.13	36.23	36.96	34.67	34.88	16590	6098600	1
2019.09.16	33.11	33.46	31.93	32.17	19571	7542600	1
2019.09.17	32.87	34.20	32.03	33.95	24853	9976000	1
2019.09.18	34.36	34.60	33.03	33.76	12767	4718500	1
2019.09.19	33.35	35.01	33.32	34.23	16923	6256400	1
2019.09.20	34.32	34.62	32.68	33.33	15921	6172500	1
2019.09.23	33.12	33.40	32.50	32.70	10032	4573800	1
2019.09.24	33.07	33.27	32.39	32.52	9266	3261500	1
2019.09.25	32.38	33.72	32.19	33.62	15604	5132300	1
2019.09.26	34.02	34.53	33.66	34.35	14493	5490300	1
2019.09.27	32.15	32.88	31.86	32.12	37988	15770800	1
2019.09.30	32.02	32.60	31.87	32.42	12397	4459400	1
2019.10.01	32.45	32.59	31.74	31.91	9021	3341200	1
2019.10.02	31.74	31.74	30.73	31.11	14733	6247400	1
2019.10.03	31.14	33.07	31.14	32.82	21515	8958200	1
2019.10.04	33.12	33.56	32.83	33.18	12045	4777900	1
2019.10.07	32.84	33.50	32.32	32.51	9099	2924200	1
2019.10.08	32.62	33.14	32.01	32.22	8440	2756800	1
2019.10.09	33.04	33.82	32.51	33.22	18673	7195400	1
2019.10.10	32.62	33.22	32.38	33.22	11744	5543300	1
2019.10.11	34.02	35.01	33.72	34.77	18276	6135500	1
2019.10.14	34.82	35.81	34.81	35.73	11577	3873800	1
2019.10.15	35.67	36.17	35.09	35.88	10462	3364200	1
2019.10.16	35.74	35.98	35.10	35.98	9447	2846200	1
2019.10.17	36.17	36.37	35.58	36.13	9722	3562600	1
2019.10.18	35.80	36.33	35.53	35.57	9306	2951700	1
2019.10.21	35.38	35.77	35.29	35.31	8370	2760100	1
2019.10.22	35.33	37.42	35.33	37.42	14680	4816100	1
2019.10.23	37.43	37.95	36.85	37.10	16814	5200700	1
2019.10.24	37.28	37.66	36.98	37.13	11718	3607200	1
2019.10.25	37.33	37.94	36.58	36.61	10449	4584300	1
2019.10.28	36.59	37.75	36.52	37.64	8392	3045100	1
2019.10.29	37.52	38.83	37.06	38.40	14450	4524100	1
2019.10.30	38.84	39.03	37.84	38.99	9655	3478000	1
2019.10.31	38.19	38.39	36.73	36.73	18653	6852300	1
2019.11.01	37.35	37.57	36.49	36.53	9230	3522000	1
2019.11.04	36.73	37.12	35.63	35.74	9060	2970800	1
2019.11.05	35.98	36.17	34.70	34.86	12768	3774600	1
2019.11.06	35.08	36.01	34.28	35.13	13434	5296300	1
2019.11.07	35.33	35.70	34.57	35.70	15125	4397600	1
2019.11.08	35.42	35.42	33.92	34.09	12056	3504700	1
2019.11.11	33.76	34.31	33.30	34.31	14102	4169200	1
2019.11.12	34.19	34.48	32.93	32.98	15813	5331200	1
2019.11.13	32.82	33.16	32.32	33.14	12595	4092300	1
2019.11.14	33.17	34.31	32.73	34.31	15258	4289200	1
2019.11.18	34.66	35.12	34.30	34.52	9223	2869200	1
2019.11.19	35.12	35.12	33.84	34.32	7496	2173200	1
2019.11.21	34.34	34.80	33.59	34.04	15841	4705600	1
2019.11.22	34.07	34.93	33.84	34.88	10774	3257500	1
2019.11.25	34.73	35.22	34.50	34.77	8568	2587500	1
2019.11.26	34.37	34.47	32.90	33.44	17402	5899700	1
2019.11.27	33.47	33.98	32.93	33.26	10040	3108200	1
2019.11.28	33.27	34.57	33.20	34.56	10078	3519700	1
2019.11.29	34.32	34.99	34.03	34.18	11303	3592700	1
2019.12.02	34.12	34.42	33.62	33.75	10483	3210900	1
2019.12.03	34.22	35.11	33.92	35.11	12858	4485300	1
2019.12.04	35.16	35.52	34.57	34.57	10950	4787100	1
2019.12.05	35.11	35.11	34.28	34.47	8214	2828800	1
2019.12.06	34.42	36.22	34.40	36.19	17584	5055000	1
2019.12.09	37.16	38.34	36.82	36.82	29175	9919200	1
2019.12.10	36.64	36.76	35.13	35.13	24530	42874900	1
2019.12.11	35.65	36.12	35.33	35.43	16854	5978000	1
2019.12.12	35.73	36.03	35.49	35.83	16125	5798600	1
2019.12.13	36.13	36.86	35.77	36.31	16767	6111200	1
2019.12.16	36.58	36.97	36.38	36.46	14255	4713000	1
2019.12.17	36.38	36.57	34.80	35.46	12783	3635600	1
2019.12.18	35.30	35.55	34.73	35.28	22162	5479300	1
2019.12.19	34.89	36.77	34.89	36.57	13362	4208500	1
2019.12.20	36.63	36.83	35.60	36.02	6334	2150100	1
2019.12.23	35.99	36.60	35.97	36.46	7323	2173600	1
2019.12.26	36.60	36.70	36.32	36.65	5674	1588800	1
2019.12.27	36.75	36.99	36.36	36.92	10801	2680200	1
2019.12.30	36.75	37.39	36.45	36.80	8854	2628100	1
2020.01.02	36.68	37.24	36.60	37.17	10334	2319400	1
2020.01.03	36.00	36.45	35.59	35.90	15254	4342600	1
2020.01.06	35.50	35.50	34.20	34.25	25406	6271300	1
2020.01.07	34.65	34.84	34.21	34.45	10267	3310300	1
2020.01.08	34.61	36.30	34.61	35.81	23119	7156200	1
2020.01.09	36.05	36.90	35.98	36.65	16911	4692200	1
2020.01.10	36.73	37.50	36.70	37.24	13458	4186800	1
2020.01.13	37.21	38.20	37.20	38.00	14293	4685800	1
2020.01.14	37.99	38.39	37.55	37.99	13678	3268200	1
2020.01.15	37.85	37.99	36.72	36.97	11841	3416000	1
2020.01.16	37.24	37.49	36.40	36.64	9420	2737400	1
2020.01.17	36.98	37.93	36.83	37.93	9841	3018300	1
2020.01.20	37.74	37.92	37.25	37.80	5730	1518400	1
2020.01.21	37.80	37.80	36.15	36.68	12744	3322000	1
2020.01.22	36.98	37.90	36.32	37.18	17767	5323500	1
2020.01.23	36.66	39.17	36.44	39.05	18479	6248800	1
2020.01.24	39.21	39.26	37.27	37.82	21528	5773500	1
2020.01.27	36.40	36.63	35.23	35.30	18846	6453300	1
2020.01.28	36.00	36.83	35.40	36.19	18715	6342400	1
2020.01.29	36.46	36.83	34.94	34.94	14382	4150600	1
2020.01.30	34.20	35.21	33.21	35.04	21086	6859700	1
2020.01.31	34.10	34.92	33.94	34.25	13224	3664900	1
2020.02.03	34.05	35.24	33.32	34.35	9813	3806600	1
2020.02.04	35.49	36.25	35.10	35.16	13047	3637500	1
2020.02.05	35.85	36.35	35.33	36.19	10003	3144800	1
2020.02.06	36.39	36.86	35.54	35.75	14279	4264100	1
2020.02.07	35.45	35.88	34.24	34.46	12616	3369800	1
2020.02.10	34.60	34.80	33.70	34.16	16713	3640400	1
2020.02.11	34.30	36.38	34.29	36.20	11769	3383800	1
2020.02.12	36.50	36.85	35.49	36.30	16375	4318400	1
2020.02.13	35.60	36.08	35.17	35.40	9833	2359300	1
2020.02.14	35.67	36.18	35.44	36.00	8848	2414000	1
2020.02.17	36.05	36.51	35.84	36.39	10214	2132700	1
2020.02.18	35.96	36.25	35.07	35.87	9797	2555300	1
2020.02.19	35.92	36.35	35.68	36.35	5235	1937500	1
2020.02.20	36.50	36.77	34.24	34.80	22690	6200000	1
2020.02.21	34.21	34.44	33.44	33.82	11075	2841900	1
2020.02.26	31.20	31.49	28.35	28.98	26403	6539600	1
2020.02.27	28.10	28.47	26.40	26.40	33853	10723600	1
2020.02.28	25.74	26.74	24.62	25.60	30036	8269600	1
2020.03.02	25.60	27.00	24.92	26.11	25772	8434100	1
2020.03.03	26.38	26.78	24.75	25.12	29989	8695300	1
2020.03.04	26.00	26.21	24.72	24.81	30755	9269500	1
2020.03.05	24.20	24.40	19.82	20.65	40068	13711900	1
2020.03.06	18.10	21.72	18.10	21.05	39949	14833900	1
2020.03.09	19.50	19.66	17.36	17.38	27484	7531700	1
2020.03.10	18.86	19.62	17.07	18.32	37165	11538400	1
2020.03.11	17.82	18.10	14.60	15.65	38174	11834300	1
2020.03.12	13.10	13.10	9.72	9.97	22319	9871900	1
2020.03.13	12.15	12.21	9.54	11.17	45960	18109200	1
2020.03.16	8.90	9.47	8.02	8.04	42745	17306100	1
2020.03.17	8.41	8.65	7.38	7.78	40530	18100500	1
2020.03.18	7.19	7.19	5.30	5.60	47217	19407000	1
2020.03.19	5.54	6.93	4.81	6.25	34558	18217800	1
2020.03.20	7.35	9.04	6.75	7.28	48066	26804500	1
2020.03.23	7.30	7.44	6.40	6.93	30840	14860600	1
2020.03.24	8.60	8.60	7.63	8.10	28091	15289500	1
2020.03.25	8.20	11.25	8.20	10.94	56896	29691800	1
2020.03.26	11.00	14.79	11.00	13.04	60407	33219800	1
2020.03.27	11.79	14.18	11.38	12.59	46589	24408300	1
2020.03.30	13.63	14.28	12.29	12.30	40912	18146700	1
2020.03.31	12.45	12.69	11.25	11.37	34409	13091000	1
2020.04.01	10.21	10.44	9.70	9.98	40557	15698600	1
2020.04.02	10.39	11.14	9.71	10.13	36397	14918800	1
2020.04.03	9.90	10.03	9.06	9.47	28087	10139300	1
2020.04.06	10.46	10.77	9.80	10.15	28376	12851000	1
2020.04.07	11.28	11.44	10.80	10.95	36024	14407000	1
2020.04.08	10.80	12.19	10.34	11.99	38413	14874300	1
2020.04.09	12.46	12.89	11.40	11.63	34867	14551200	1
2020.04.13	11.30	11.89	11.14	11.45	21616	8078400	1
2020.04.14	11.75	11.99	11.36	11.46	39595	10655800	1
2020.04.15	11.14	12.34	10.97	12.28	28776	12302500	1
2020.04.16	12.76	12.84	11.65	11.76	30034	12700700	1
2020.04.17	12.25	12.36	11.80	12.00	19583	9059600	1
2020.04.20	11.70	12.39	11.61	12.07	19123	8178700	1
2020.04.22	12.05	12.24	11.87	11.90	17381	6718300	1
2020.04.23	12.00	12.69	11.90	12.11	30760	13346300	1
2020.04.24	11.90	12.02	10.55	10.67	42068	16068300	1
2020.04.27	11.15	11.28	10.52	10.92	19110	7137900	1
2020.04.28	11.36	12.33	11.08	12.19	23292	10614200	1
2020.04.29	12.62	13.40	12.37	13.34	28370	12961500	1
2020.04.30	12.87	13.10	12.23	12.40	25802	12268500	1
2020.05.04	11.38	11.59	10.79	11.15	29733	12527100	1
2020.05.05	11.50	11.96	11.35	11.78	16932	7796600	1
2020.05.06	11.60	11.98	11.21	11.52	20516	7137000	1
2020.05.07	11.95	11.95	10.74	10.75	28006	10822200	1
2020.05.08	11.03	11.24	10.64	11.00	15452	6775800	1
2020.05.11	10.64	10.90	10.27	10.54	13188	5815800	1
2020.05.12	10.70	10.92	10.00	10.00	17467	6420000	1
2020.05.13	10.21	10.35	9.72	10.07	22276	9597700	1
2020.05.14	9.89	10.56	9.53	10.43	22638	9836200	1
2020.05.15	10.27	11.22	10.22	10.86	33497	16600800	1
2020.05.18	11.44	12.57	11.26	12.43	35354	17872000	1
2020.05.19	12.30	12.84	11.35	11.65	40070	20128700	1
2020.05.20	12.01	13.76	11.90	12.68	53695	29098400	1
2020.05.21	12.83	13.70	12.50	12.50	39569	18599200	1
2020.05.22	12.15	12.37	11.87	12.23	21170	10197700	1
2020.05.25	12.80	13.09	12.44	12.60	11928	7206900	1
2020.05.26	13.00	13.19	12.15	12.29	27955	11424500	1
2020.05.27	12.48	12.65	11.95	12.37	18516	8355000	1
2020.05.28	12.37	12.58	12.00	12.24	22135	8907900	1
2020.05.29	12.09	12.18	11.64	12.03	25219	11013900	1
2020.06.01	11.86	13.13	11.78	13.06	37609	19424200	1
2020.06.02	13.50	15.30	13.37	15.11	57560	29309900	1
2020.06.03	16.01	17.87	16.01	17.59	60892	33304200	1
2020.06.04	17.31	18.19	16.72	17.04	46753	23561000	1
2020.06.05	18.20	18.93	18.11	18.70	44417	22855100	1
2020.06.08	20.10	23.99	19.87	23.99	62489	31767400	1
2020.06.09	22.85	25.13	21.57	22.40	56342	35120200	1
2020.06.10	23.52	24.27	20.05	20.24	60317	30672000	1
2020.06.12	18.41	19.97	18.26	18.54	50927	26240500	1
2020.06.15	17.00	20.20	16.70	19.51	55546	30908600	1
2020.06.16	21.45	21.79	18.94	19.16	52076	29744400	1
2020.06.17	19.35	19.69	18.30	18.89	36190	17095600	1
2020.06.18	18.50	19.29	18.34	18.66	26606	11290600	1
2020.06.19	19.15	19.33	18.19	18.38	25843	12415700	1
2020.06.22	18.40	18.62	17.52	17.95	27070	10926200	1
2020.06.23	18.42	20.08	17.66	19.90	36354	17208700	1
2020.06.24	19.68	19.68	17.90	18.24	39349	19611100	1
2020.06.25	18.49	19.55	17.83	19.15	55489	30140500	1
2020.06.26	18.95	19.58	18.25	18.33	29427	14541500	1
2020.06.29	18.69	19.08	17.96	18.80	25921	13638400	1
2020.06.30	18.50	18.90	18.26	18.55	20768	9826000	1
2020.07.01	18.65	19.92	18.53	19.02	41261	20583200	1
2020.07.02	19.89	19.96	18.78	18.87	26941	12755300	1
2020.07.03	18.87	19.63	18.60	19.56	12494	7527600	1
2020.07.06	20.30	20.43	19.77	20.17	26583	12028300	1
2020.07.07	19.91	20.71	19.76	20.15	28739	13159000	1
2020.07.08	20.52	20.59	19.81	19.84	20650	9147900	1
2020.07.09	19.91	20.44	19.53	19.71	24813	11058900	1
2020.07.10	19.79	21.30	19.64	20.90	33736	16436400	1
2020.07.13	21.15	21.56	20.10	20.17	31277	13723900	1
2020.07.14	20.19	20.75	19.68	20.52	31337	11644900	1
2020.07.15	21.26	21.99	20.86	21.95	42401	19785100	1
2020.07.16	21.57	21.87	20.97	21.03	27936	11942500	1
2020.07.17	21.25	21.42	20.66	20.80	27952	10147400	1
2020.07.20	20.90	20.95	20.45	20.62	14425	5204300	1
2020.07.21	20.81	21.28	20.50	20.66	20773	8230600	1
2020.07.22	20.61	20.74	19.86	20.00	22596	8200000	1
2020.07.23	19.96	20.28	18.91	19.10	29958	10561800	1
2020.07.24	18.90	18.98	18.35	18.84	26067	8573500	1
2020.07.27	18.78	18.93	18.30	18.52	16790	6613500	1
2020.07.28	18.51	19.43	18.46	19.08	18484	7824800	1
2020.07.29	19.20	19.30	18.45	18.45	17529	7314400	1
2020.07.30	18.40	19.03	18.31	18.55	16328	7687900	1
2020.07.31	18.53	18.88	17.74	17.91	21171	9414400	1
2020.08.03	18.05	18.17	17.59	17.63	13936	5275800	1
2020.08.04	17.52	17.98	17.26	17.65	14333	5400000	1
2020.08.05	17.91	18.14	17.62	17.63	15516	6790900	1
2020.08.06	17.63	18.75	17.51	18.60	19688	8634900	1
2020.08.07	18.38	18.62	17.80	17.97	16530	7077500	1
2020.08.10	18.00	18.36	17.70	17.98	18332	6961800	1
2020.08.11	18.32	20.15	18.31	19.50	41017	21220900	1
2020.08.12	20.00	20.37	18.15	18.75	40935	19561000	1
2020.08.13	18.75	19.34	18.18	18.23	24017	9717400	1
2020.08.14	18.30	18.74	17.80	18.68	19853	7630900	1
2020.08.17	18.73	18.80	17.25	17.55	20828	7927100	1
2020.08.18	17.92	18.19	17.55	18.14	15916	6291200	1
2020.08.19	18.05	18.33	17.65	17.75	13596	5149400	1
2020.08.20	17.20	17.83	16.96	17.70	19101	8946600	1
2020.08.21	17.70	18.41	17.39	17.71	22145	9503100	1
2020.08.24	17.90	18.52	17.69	18.34	22401	9487100	1
2020.08.25	18.56	18.69	17.75	18.09	17220	8637300	1
2020.08.26	17.98	18.15	17.36	17.55	14625	6197500	1
2020.08.27	17.70	18.40	17.55	18.30	24568	13111100	1
2020.08.28	18.30	19.00	17.98	18.98	23767	11142600	1
2020.08.31	18.55	19.15	17.89	17.89	21514	10938000	1
2020.09.01	18.41	19.03	18.24	18.82	24102	12757000	1
2020.09.02	18.92	19.22	18.49	18.86	14648	6410200	1
2020.09.03	18.76	19.67	18.70	19.27	24224	10799400	1
2020.09.04	19.40	20.00	19.05	19.98	19598	9112500	1
2020.09.08	19.51	21.02	19.21	20.39	33410	14646600	1
2020.09.09	20.88	21.15	19.51	19.84	26820	11304100	1
2020.09.10	19.84	21.03	19.77	20.25	30370	14528200	1
2020.09.11	20.53	20.90	19.53	19.76	25028	10448300	1
2020.09.14	20.30	21.30	19.97	21.20	25097	13490000	1
2020.09.15	21.45	21.97	20.82	20.86	22489	10283100	1
2020.09.16	20.95	21.91	20.72	21.57	25261	11302500	1
2020.09.17	21.29	21.76	20.84	21.11	22668	10737400	1
2020.09.18	21.07	21.28	19.88	20.10	32183	13651500	1
2020.09.21	19.49	19.64	18.34	18.40	37415	16798600	1
2020.09.22	18.60	18.81	17.94	18.18	27928	12063300	1
2020.09.23	18.32	18.55	17.80	17.86	23950	10619300	1
2020.09.24	17.81	18.19	17.40	17.94	24585	10229800	1
2020.09.25	17.81	18.05	17.47	17.84	15491	7108500	1
2020.09.28	18.24	18.69	17.37	17.47	20764	10477000	1
2020.09.29	17.52	17.62	16.30	16.47	26885	11632000	1
2020.09.30	16.51	17.38	16.45	17.08	21608	10485500	1
2020.10.01	17.70	18.16	17.35	17.90	24066	11575900	1
2020.10.02	17.58	17.87	17.21	17.39	14765	7442400	1
2020.10.05	17.64	17.85	17.32	17.66	14150	6357800	1
2020.10.06	17.86	19.56	17.84	18.95	48502	23926300	1
2020.10.07	19.30	19.42	18.14	18.30	22229	11851100	1
2020.10.08	18.44	18.71	18.22	18.51	13844	6698400	1
2020.10.09	18.56	19.77	18.41	19.11	27412	13938000	1
2020.10.13	19.37	19.53	18.63	19.16	18630	8344800	1
2020.10.14	19.20	20.12	19.13	19.62	23925	10191400	1
2020.10.15	19.00	19.77	18.84	19.53	16860	7022000	1
2020.10.16	19.56	19.75	18.97	19.05	17577	7018400	1
2020.10.19	19.15	20.48	19.15	19.91	29274	15498900	1
2020.10.20	20.08	20.28	19.46	19.72	21703	10179600	1
2020.10.21	19.78	19.95	19.28	19.41	16155	7518200	1
2020.10.22	19.50	19.77	19.38	19.60	15461	7052700	1
2020.10.23	19.63	20.06	19.48	19.67	11855	5040600	1
2020.10.26	19.35	19.46	18.73	18.96	19114	8290300	1
2020.10.27	18.94	19.20	18.50	18.60	15392	7321400	1
2020.10.28	17.90	18.05	16.82	16.92	27942	13051100	1
2020.10.29	16.70	17.01	15.40	16.61	37938	19317200	1
2020.10.30	16.45	16.60	15.54	15.69	27418	12418700	1
2020.11.03	16.47	16.52	15.38	15.62	19567	10657500	1
2020.11.04	15.82	16.17	15.35	15.87	24900	11685900	1
2020.11.05	16.25	17.54	15.94	17.44	29065	16168600	1
2020.11.06	17.12	17.75	16.60	17.55	23132	13320900	1
2020.11.09	20.10	21.43	19.55	21.05	78398	43680500	1
2020.11.10	20.71	22.12	20.45	20.78	38355	20635800	1
2020.11.11	20.79	21.19	19.66	20.26	24755	12337100	1
2020.11.12	19.95	20.82	18.88	19.06	28902	13564100	1
2020.11.13	19.34	19.98	19.11	19.56	16195	6874900	1
2020.11.16	20.50	21.78	19.95	21.22	39116	18755100	1
2020.11.17	20.97	21.66	20.52	21.28	25463	11988200	1
2020.11.18	21.49	23.38	21.49	21.94	48079	24831200	1
2020.11.19	22.05	23.15	21.33	23.02	35967	17341900	1
2020.11.20	22.95	23.35	21.94	22.12	28481	12366000	1
2020.11.23	22.70	23.26	22.40	22.71	23711	12018400	1
2020.11.24	23.05	23.59	22.57	23.47	24222	12193000	1
2020.11.25	23.35	23.73	23.03	23.56	16437	8517300	1
2020.11.26	23.44	23.66	22.82	23.24	16299	11452500	1
2020.11.27	23.31	23.61	22.85	22.96	13571	7620400	1
2020.11.30	22.90	24.77	22.86	23.52	33676	18679900	1
2020.12.01	24.38	24.60	23.51	23.87	27064	12504200	1
2020.12.02	24.00	25.41	23.70	25.15	25425	13026600	1
2020.12.03	25.60	27.83	25.53	27.36	39968	17039100	1
2020.12.04	28.13	28.61	26.66	27.05	29177	13061000	1
2020.12.07	27.61	28.81	27.50	27.94	35832	16701700	1
2020.12.08	28.05	29.03	27.54	27.69	25379	11716700	1
2020.12.09	28.18	28.50	26.89	27.31	20655	8850100	1
2020.12.10	27.32	27.75	26.44	27.31	17460	7964500	1
2020.12.11	26.78	27.56	26.60	27.05	16610	8041100	1
2020.12.14	27.53	27.64	26.28	26.48	16807	7415700	1
2020.12.15	26.66	27.19	26.11	27.01	18018	8438800	1
2020.12.16	27.30	27.36	26.32	26.68	16091	6847700	1
2020.12.17	26.70	26.98	26.07	26.21	16358	6599000	1
2020.12.18	26.22	26.44	25.02	25.15	21434	9087400	1
2020.12.21	22.97	24.52	22.82	23.95	27778	13544700	1
2020.12.22	24.17	24.29	22.86	23.30	17825	9226400	1
2020.12.23	23.43	24.97	23.33	24.54	24927	12870100	1
2020.12.28	25.24	25.30	24.12	24.25	13797	6782500	1
2020.12.29	24.40	24.98	24.15	24.48	12067	5420800	1
2020.12.30	24.58	25.47	24.45	24.94	16642	7274100	1
2021.01.04	25.21	25.37	23.63	23.96	22713	9646000	1
2021.01.05	23.78	24.36	23.35	23.95	20481	7493000	1
2021.01.06	23.78	24.26	23.07	23.23	18541	7861300	1
2021.01.07	23.32	24.05	23.15	23.40	13908	6249400	1
2021.01.08	23.75	24.05	23.22	23.51	13918	6121700	1
2021.01.11	23.19	23.87	23.09	23.36	15870	6618400	1
2021.01.12	23.61	24.43	23.31	24.28	18404	7713200	1
2021.01.13	24.27	24.40	23.05	23.16	18060	8616500	1
2021.01.14	23.36	24.50	23.36	24.20	21889	11561000	1
2021.01.15	23.75	24.14	23.24	23.55	17305	7255600	1
2021.01.18	24.01	24.94	23.58	23.79	15281	8911200	1
2021.01.19	24.09	24.28	23.03	23.24	12942	6863200	1
2021.01.20	23.46	23.70	22.53	23.23	13449	6392100	1
2021.01.21	23.13	23.25	22.41	22.76	11804	5807400	1
2021.01.22	22.04	23.12	21.72	22.95	13858	6524200	1
2021.01.26	22.82	23.04	22.06	22.21	14695	6414700	1
2021.01.27	22.11	23.45	22.05	23.04	18198	8780000	1
2021.01.28	23.30	25.76	23.30	24.61	41967	24592800	1
2021.01.29	24.24	25.20	23.44	23.95	23255	10211000	1
2021.02.01	24.50	25.14	23.92	24.82	18189	8473200	1
2021.02.02	25.35	25.70	24.62	25.37	22621	9624500	1
2021.02.03	25.37	25.66	24.90	25.00	15236	6128800	1
2021.02.04	25.25	25.68	25.05	25.23	11487	5617200	1
2021.02.05	25.59	25.59	24.85	25.09	11380	5639100	1
2021.02.08	25.02	26.20	24.92	25.76	16823	8464500	1
2021.02.09	25.58	25.73	24.65	25.00	17043	7561900	1
2021.02.10	25.00	25.12	24.02	24.26	12420	5349200	1
2021.02.11	24.43	24.92	23.93	24.11	14442	6585300	1
2021.02.12	23.74	24.35	23.54	24.14	10937	4655400	1
2021.02.17	24.22	24.46	23.87	24.23	9054	2933100	1
2021.02.18	24.20	24.35	23.43	23.57	11730	4715100	1
2021.02.19	23.52	24.14	23.41	23.79	11003	4628400	1
2021.02.22	23.00	23.30	22.40	22.58	21031	7282600	1
2021.02.23	22.93	23.11	22.05	22.83	15488	5928800	1
2021.02.24	23.01	23.77	22.76	23.61	17747	7658200	1
2021.02.25	23.55	23.74	22.21	22.51	13828	5701800	1
2021.02.26	22.58	22.67	21.50	21.63	14668	5853300	1
2021.03.01	22.03	22.31	21.25	21.37	15043	6173800	1
2021.03.02	21.19	21.19	20.24	20.74	19845	8622000	1
2021.03.03	20.59	20.95	19.60	20.50	24784	10051500	1
2021.03.04	20.23	20.99	19.31	19.47	25306	15577000	1
2021.03.05	19.30	20.60	18.83	20.45	25271	12011200	1
2021.03.08	19.98	21.32	19.29	19.58	26629	11700300	1
2021.03.09	19.78	20.11	19.10	19.55	18109	7698600	1
2021.03.10	19.71	21.49	19.50	21.49	23801	10705300	1
2021.03.11	21.85	23.08	21.55	23.03	23446	9143500	1
2021.03.12	22.74	22.99	22.10	22.78	14636	5946200	1
2021.03.15	22.43	24.31	22.39	24.07	24940	9694600	1
2021.03.16	24.07	24.14	22.40	22.54	18270	7586100	1
2021.03.17	22.42	23.25	22.41	23.10	15837	6600900	1
2021.03.18	22.81	22.85	21.19	21.36	29569	14150300	1
2021.03.19	21.35	21.75	20.95	21.49	21762	10982500	1
2021.03.22	21.11	21.34	20.66	20.71	16036	8729700	1
2021.03.23	20.20	21.27	19.85	20.30	26473	13584300	1
2021.03.24	20.79	22.10	20.51	20.80	36695	18052900	1
2021.03.25	21.15	21.20	19.95	21.01	25553	12503600	1
2021.03.26	21.27	21.45	20.32	20.66	19236	9580000	1
2021.03.29	20.51	21.30	20.43	20.57	23089	9125500	1
2021.03.30	20.53	22.44	20.50	22.33	26812	14400900	1
2021.03.31	22.36	22.36	21.44	21.51	19793	9339100	1
2021.04.01	21.76	22.25	21.64	21.68	15595	7190900	1
2021.04.05	22.21	22.62	21.97	22.60	15843	7812600	1
2021.04.06	22.35	22.93	22.05	22.53	14376	6751800	1
2021.04.07	22.55	22.96	22.23	22.38	13493	6340100	1
2021.04.08	22.50	23.33	22.35	23.29	17085	6724900	1
2021.04.09	23.06	23.80	22.60	23.34	16499	7270200	1
2021.04.12	23.38	23.65	22.77	23.22	16010	7199900	1
2021.04.13	23.32	23.32	22.51	23.18	13875	6059800	1
2021.04.14	23.20	23.56	22.84	22.89	17541	7996300	1
2021.04.15	23.05	23.27	22.75	22.96	12263	5383300	1
2021.04.16	22.99	23.06	22.70	22.76	10487	4229400	1
2021.04.19	22.77	23.53	22.59	23.13	16012	6212800	1
2021.04.20	23.18	23.28	22.05	22.22	21594	10210300	1
2021.04.22	22.64	23.37	22.42	23.07	22072	11121500	1
2021.04.23	23.24	24.15	22.98	24.02	27587	10288900	1
2021.04.26	24.30	24.75	24.05	24.22	22503	9291300	1
2021.04.27	24.32	24.52	23.71	23.85	14489	5299800	1
2021.04.28	24.07	24.36	23.76	24.14	13167	5189500	1
2021.04.29	24.08	24.95	23.41	23.84	22228	9890200	1
2021.04.30	23.76	24.37	23.40	23.45	15999	6204700	1
2021.05.03	23.67	23.78	23.04	23.44	18880	5696000	1
2021.05.04	23.37	23.53	22.78	23.17	14607	4985600	1
2021.05.05	23.49	24.35	22.87	24.19	19138	8183700	1
2021.05.06	24.12	24.58	23.53	23.91	15706	6214400	1
2021.05.07	24.04	25.10	23.95	24.95	21027	8858600	1
2021.05.10	25.20	25.43	24.92	25.33	13938	4808400	1
2021.05.11	24.80	25.20	24.46	24.94	15320	6464400	1
2021.05.12	24.70	24.83	23.90	23.99	16428	6051200	1
2021.05.13	24.19	24.66	23.80	24.09	13389	5069100	1
2021.05.14	24.50	25.48	24.21	25.39	17625	7794000	1
2021.05.17	25.50	25.58	24.89	25.23	10811	4018900	1
2021.05.18	25.53	25.95	25.15	25.59	13123	4397200	1
2021.05.19	25.31	26.03	25.24	25.91	13700	5065100	1
2021.05.20	25.98	26.52	25.73	25.94	12914	4474400	1
2021.05.21	26.07	26.23	25.45	25.50	13992	5209600	1
2021.05.24	25.68	25.75	24.91	25.03	15155	5399500	1
2021.05.25	25.21	26.13	25.19	25.75	21731	7477000	1
2021.05.26	25.91	27.75	25.91	27.59	39155	16103000	1
2021.05.27	27.66	27.75	26.81	27.42	17690	6871400	1
2021.05.28	27.38	27.38	26.35	26.59	17170	7031000	1
2021.05.31	26.78	26.87	26.42	26.81	6758	2405100	1
2021.06.01	27.40	27.51	26.37	26.45	24892	7594200	1
2021.06.02	26.50	27.21	26.19	27.03	16246	5758400	1
2021.06.04	27.00	27.15	26.41	26.48	19189	7934300	1
2021.06.07	27.14	28.07	27.10	27.52	27582	11732600	1
2021.06.08	27.55	27.77	27.05	27.20	14860	5710100	1
2021.06.09	27.98	28.75	27.12	27.45	29651	12531500	1
2021.06.10	27.64	27.68	26.07	26.25	29638	11868900	1
2021.06.11	26.33	26.50	25.61	25.79	18925	7060800	1
2021.06.14	26.07	26.15	25.66	25.70	14157	5282600	1
2021.06.15	25.74	25.91	25.08	25.23	14300	6481800	1
2021.06.16	25.20	25.70	24.81	25.11	25455	8949200	1
2021.06.17	24.99	25.11	24.45	24.60	17140	6421500	1
2021.06.18	24.50	24.90	24.29	24.90	14107	4664000	1
2021.06.21	25.05	25.46	24.78	25.45	18535	6359500	1
2021.06.22	25.46	25.46	24.65	24.82	14561	5051300	1
2021.06.23	24.84	25.26	24.52	24.98	20175	6054700	1
2021.06.24	25.18	25.30	24.69	24.78	10979	4000200	1
2021.06.25	24.90	24.93	23.82	24.00	16008	5970800	1
2021.06.28	23.78	24.11	23.51	23.66	11910	5678100	1
2021.06.29	23.55	23.70	23.00	23.27	12705	5628400	1
2021.06.30	23.10	23.30	22.84	22.96	15806	6471900	1
2021.07.01	23.24	23.27	22.48	22.75	14103	5905300	1
2021.07.02	22.99	23.72	22.95	23.45	15623	6647800	1
2021.07.05	23.44	23.54	23.16	23.39	4918	2669200	1
2021.07.06	23.40	23.41	22.51	22.63	19103	8351700	1
2021.07.07	22.89	22.92	22.20	22.76	15169	6652900	1
2021.07.08	22.01	22.34	21.90	22.02	15421	7741800	1
2021.07.12	22.20	22.49	21.97	22.31	17431	7634900	1
2021.07.13	22.20	22.36	21.98	22.25	9454	4208600	1
2021.07.14	22.40	23.02	22.40	22.59	13403	5825100	1
2021.07.15	22.43	22.55	22.04	22.13	10261	4810800	1
2021.07.16	22.23	22.40	21.46	21.58	15471	6093100	1
2021.07.19	21.00	21.13	20.47	20.80	19477	8088600	1
2021.07.20	20.92	21.68	20.61	21.53	12591	5944600	1
2021.07.21	21.60	21.81	21.24	21.66	9993	4493700	1
2021.07.22	21.66	21.76	21.31	21.44	8401	3557500	1
2021.07.23	21.43	21.85	21.18	21.22	8428	4331500	1
2021.07.26	21.22	21.91	21.10	21.87	10602	4540100	1
2021.07.27	21.75	21.78	21.12	21.30	11685	5237800	1
2021.07.28	21.43	21.91	21.33	21.90	12503	5524700	1
2021.07.29	22.05	22.36	21.31	21.40	12089	5726400	1
2021.07.30	21.20	21.24	20.60	20.60	12912	4941700	1
2021.08.02	20.94	21.03	20.28	20.34	15893	5647600	1
2021.08.03	20.19	20.32	19.50	20.22	13867	5487200	1
2021.08.04	20.42	20.70	19.89	19.96	14071	6735200	1
2021.08.05	20.01	20.42	19.97	20.02	14501	5567800	1
2021.08.06	20.03	20.35	19.82	20.10	7776	3594600	1
2021.08.09	19.85	20.17	19.65	19.94	12302	5348300	1
2021.08.10	19.97	20.22	19.61	19.68	12772	7300500	1
2021.08.11	19.61	19.78	19.42	19.54	9793	5130400	1
2021.08.12	19.49	19.56	18.76	18.76	12841	6229800	1
2021.08.13	18.86	19.03	18.36	18.39	10196	4392800	1
2021.08.16	18.22	18.22	17.35	17.45	15308	6249000	1
2021.08.17	17.33	17.33	16.92	17.05	16200	6056700	1
